2025/09/28 11:58:35 logger.go:19: ERROR: could not open a new TTY: open /dev/tty: no such device or address
2025/10/03 10:02:08 logger.go:19: ERROR: exit status 1
2025/12/26 16:52:58 logger.go:29: INFO: CUSTOM THEME DISABLED
2025/12/26 16:52:58 logger.go:29: INFO: CUSTOM THEME DISABLED
2025/12/26 16:52:58 logger.go:29: INFO: CUSTOM THEME DISABLED
2025/12/26 16:52:58 logger.go:37: WARN: Failed to get active window on Wayland: no suitable tool found (Hyprctl, Wlrctl)
2025/12/26 16:52:58 logger.go:37: WARN: Failed to get active window on Wayland: no suitable tool found (Hyprctl, Wlrctl)
2025/12/26 20:39:04 logger.go:29: INFO: CUSTOM THEME DISABLED
2025/12/26 20:39:04 logger.go:29: INFO: CUSTOM THEME DISABLED
2025/12/26 20:39:09 logger.go:29: INFO: CUSTOM THEME DISABLED
2025/12/26 20:39:09 logger.go:29: INFO: CUSTOM THEME DISABLED
2025/12/26 20:39:09 logger.go:29: INFO: CUSTOM THEME DISABLED
2025/12/26 20:39:09 logger.go:29: INFO: CUSTOM THEME DISABLED
2025/12/26 20:39:09 logger.go:29: INFO: CUSTOM THEME DISABLED
2025/12/26 20:39:09 logger.go:29: INFO: CUSTOM THEME DISABLED
2025/12/26 21:50:44 logger.go:29: INFO: CUSTOM THEME DISABLED
2025/12/26 22:27:26 logger.go:29: INFO: CUSTOM THEME DISABLED
2025/12/26 22:27:26 logger.go:29: INFO: CUSTOM THEME DISABLED
2025/12/26 22:30:12 logger.go:29: INFO: CUSTOM THEME DISABLED
2025/12/26 22:30:12 logger.go:29: INFO: CUSTOM THEME DISABLED
2025/12/26 22:30:12 logger.go:29: INFO: CUSTOM THEME DISABLED
2025/12/26 22:30:12 logger.go:29: INFO: CUSTOM THEME DISABLED
2025/12/26 22:31:14 logger.go:29: INFO: CUSTOM THEME DISABLED
2025/12/26 22:31:14 logger.go:29: INFO: CUSTOM THEME DISABLED
2025/12/26 22:31:14 logger.go:29: INFO: CUSTOM THEME DISABLED
2025/12/26 22:31:14 logger.go:29: INFO: CUSTOM THEME DISABLED
2025/12/26 22:32:15 logger.go:29: INFO: CUSTOM THEME DISABLED
2025/12/26 22:32:15 logger.go:29: INFO: CUSTOM THEME DISABLED
2025/12/26 22:32:15 logger.go:29: INFO: CUSTOM THEME DISABLED
2025/12/26 22:32:15 logger.go:29: INFO: CUSTOM THEME DISABLED
2025/12/26 22:32:41 logger.go:29: INFO: CUSTOM THEME DISABLED
2025/12/26 22:32:41 logger.go:29: INFO: CUSTOM THEME DISABLED
2025/12/26 22:32:41 logger.go:29: INFO: CUSTOM THEME DISABLED
2025/12/26 22:32:41 logger.go:29: INFO: CUSTOM THEME DISABLED
2025/12/26 22:32:52 logger.go:29: INFO: CUSTOM THEME DISABLED
2025/12/26 22:32:52 logger.go:29: INFO: CUSTOM THEME DISABLED
2025/12/26 22:32:52 logger.go:29: INFO: CUSTOM THEME DISABLED
2025/12/26 22:32:52 logger.go:29: INFO: CUSTOM THEME DISABLED
2025/12/26 22:38:48 logger.go:29: INFO: CUSTOM THEME DISABLED
2025/12/26 22:38:48 logger.go:29: INFO: CUSTOM THEME DISABLED
2025/12/26 22:38:48 logger.go:29: INFO: CUSTOM THEME DISABLED
2025/12/26 22:38:48 logger.go:29: INFO: CUSTOM THEME DISABLED
2025/12/26 22:39:23 logger.go:29: INFO: CUSTOM THEME DISABLED
2025/12/26 22:39:23 logger.go:29: INFO: CUSTOM THEME DISABLED
2025/12/26 22:39:23 logger.go:29: INFO: CUSTOM THEME DISABLED
2025/12/26 22:39:23 logger.go:29: INFO: CUSTOM THEME DISABLED
2025/12/26 22:40:11 logger.go:29: INFO: CUSTOM THEME DISABLED
2025/12/26 22:40:11 logger.go:29: INFO: CUSTOM THEME DISABLED
2025/12/26 22:40:11 logger.go:29: INFO: CUSTOM THEME DISABLED
2025/12/26 22:40:11 logger.go:29: INFO: CUSTOM THEME DISABLED
2025/12/26 22:40:15 logger.go:29: INFO: CUSTOM THEME DISABLED
2025/12/26 22:40:15 logger.go:29: INFO: CUSTOM THEME DISABLED
2025/12/26 22:40:15 logger.go:29: INFO: CUSTOM THEME DISABLED
2025/12/26 22:40:15 logger.go:29: INFO: CUSTOM THEME DISABLED
2025/12/26 22:41:05 logger.go:29: INFO: CUSTOM THEME DISABLED
2025/12/26 22:42:03 logger.go:29: INFO: CUSTOM THEME DISABLED
2025/12/26 22:42:03 logger.go:29: INFO: CUSTOM THEME DISABLED
2025/12/26 22:42:39 logger.go:29: INFO: CUSTOM THEME DISABLED
2025/12/26 22:42:39 logger.go:29: INFO: CUSTOM THEME DISABLED
2025/12/26 22:42:39 logger.go:29: INFO: CUSTOM THEME DISABLED
2025/12/26 22:42:39 logger.go:29: INFO: CUSTOM THEME DISABLED
2025/12/26 22:58:52 logger.go:29: INFO: CUSTOM THEME DISABLED
2025/12/26 22:58:52 logger.go:29: INFO: CUSTOM THEME DISABLED
2025/12/26 22:58:52 logger.go:29: INFO: CUSTOM THEME DISABLED
2025/12/26 22:58:52 logger.go:29: INFO: CUSTOM THEME DISABLED
2025/12/28 16:52:43 logger.go:29: INFO: CUSTOM THEME DISABLED
2025/12/28 19:35:32 logger.go:29: INFO: CUSTOM THEME DISABLED
2025/12/28 19:35:32 logger.go:29: INFO: CUSTOM THEME DISABLED
2025/12/28 19:36:15 logger.go:29: INFO: CUSTOM THEME DISABLED
2025/12/28 19:36:15 logger.go:29: INFO: CUSTOM THEME DISABLED
2025/12/28 19:36:15 logger.go:29: INFO: CUSTOM THEME DISABLED
2025/12/28 19:36:15 logger.go:29: INFO: CUSTOM THEME DISABLED
2025/12/28 20:19:17 logger.go:29: INFO: CUSTOM THEME DISABLED
2025/12/28 20:19:17 logger.go:29: INFO: CUSTOM THEME DISABLED
2025/12/29 12:12:18 logger.go:29: INFO: CUSTOM THEME DISABLED
2025/12/29 12:12:54 logger.go:29: INFO: CUSTOM THEME DISABLED
2025/12/29 12:14:27 logger.go:29: INFO: CUSTOM THEME DISABLED
2025/12/29 12:16:34 logger.go:29: INFO: CUSTOM THEME DISABLED
2025/12/29 12:34:14 logger.go:29: INFO: CUSTOM THEME DISABLED
2025/12/29 12:34:14 logger.go:29: INFO: CUSTOM THEME DISABLED
2025/12/29 12:35:15 logger.go:29: INFO: CUSTOM THEME DISABLED
2025/12/29 12:35:15 logger.go:29: INFO: CUSTOM THEME DISABLED
2025/12/29 12:35:15 logger.go:29: INFO: CUSTOM THEME DISABLED
2025/12/29 12:35:15 logger.go:29: INFO: CUSTOM THEME DISABLED
2025/12/29 12:35:17 logger.go:29: INFO: CUSTOM THEME DISABLED
2025/12/29 12:35:17 logger.go:29: INFO: CUSTOM THEME DISABLED
2025/12/29 12:35:17 logger.go:29: INFO: CUSTOM THEME DISABLED
2025/12/29 12:52:22 logger.go:29: INFO: CUSTOM THEME DISABLED
2025/12/29 12:52:22 logger.go:29: INFO: CUSTOM THEME DISABLED
2025/12/29 13:03:40 logger.go:29: INFO: CUSTOM THEME DISABLED
2025/12/29 13:03:40 logger.go:29: INFO: CUSTOM THEME DISABLED
2025/12/29 13:03:40 logger.go:29: INFO: CUSTOM THEME DISABLED
2025/12/29 13:03:40 logger.go:29: INFO: CUSTOM THEME DISABLED
2025/12/29 13:07:29 logger.go:29: INFO: CUSTOM THEME DISABLED
2025/12/29 13:07:29 logger.go:29: INFO: CUSTOM THEME DISABLED
2025/12/29 13:07:29 logger.go:29: INFO: CUSTOM THEME DISABLED
2025/12/29 13:07:29 logger.go:29: INFO: CUSTOM THEME DISABLED
2025/12/29 13:10:11 logger.go:29: INFO: CUSTOM THEME DISABLED
2025/12/29 13:10:11 logger.go:29: INFO: CUSTOM THEME DISABLED
2025/12/29 13:10:11 logger.go:29: INFO: CUSTOM THEME DISABLED
2025/12/29 13:10:11 logger.go:29: INFO: CUSTOM THEME DISABLED
2025/12/29 13:21:08 logger.go:29: INFO: CUSTOM THEME DISABLED
2025/12/29 13:50:13 logger.go:29: INFO: CUSTOM THEME DISABLED
2025/12/29 13:50:13 logger.go:29: INFO: CUSTOM THEME DISABLED
2025/12/29 13:50:13 logger.go:29: INFO: CUSTOM THEME DISABLED
2025/12/29 13:50:13 logger.go:29: INFO: CUSTOM THEME DISABLED
2025/12/29 14:25:54 logger.go:29: INFO: CUSTOM THEME DISABLED
2025/12/29 14:43:35 logger.go:29: INFO: CUSTOM THEME DISABLED
2025/12/29 14:47:21 logger.go:29: INFO: CUSTOM THEME DISABLED
2025/12/29 14:56:30 logger.go:29: INFO: CUSTOM THEME DISABLED
2025/12/29 15:13:00 logger.go:29: INFO: CUSTOM THEME DISABLED
2025/12/29 17:10:59 logger.go:29: INFO: CUSTOM THEME DISABLED
2025/12/29 17:10:59 logger.go:29: INFO: CUSTOM THEME DISABLED
2025/12/29 17:10:59 logger.go:29: INFO: CUSTOM THEME DISABLED
2025/12/29 17:10:59 logger.go:29: INFO: CUSTOM THEME DISABLED
2025/12/29 18:10:48 logger.go:29: INFO: CUSTOM THEME DISABLED
2025/12/29 18:10:48 logger.go:29: INFO: CUSTOM THEME DISABLED
2025/12/29 18:11:01 logger.go:29: INFO: CUSTOM THEME DISABLED
2025/12/29 18:11:01 logger.go:29: INFO: CUSTOM THEME DISABLED
2025/12/29 18:11:01 logger.go:29: INFO: CUSTOM THEME DISABLED
2025/12/29 18:11:01 logger.go:29: INFO: CUSTOM THEME DISABLED
2025/12/29 21:29:48 logger.go:29: INFO: CUSTOM THEME DISABLED
2025/12/29 21:29:48 logger.go:29: INFO: CUSTOM THEME DISABLED
2025/12/29 23:46:45 logger.go:29: INFO: CUSTOM THEME DISABLED
2025/12/29 23:46:45 logger.go:29: INFO: CUSTOM THEME DISABLED
2025/12/29 23:47:05 logger.go:29: INFO: CUSTOM THEME DISABLED
2025/12/29 23:47:05 logger.go:29: INFO: CUSTOM THEME DISABLED
2025/12/29 23:47:05 logger.go:29: INFO: CUSTOM THEME DISABLED
2025/12/29 23:47:05 logger.go:29: INFO: CUSTOM THEME DISABLED
2025/12/29 23:50:44 logger.go:29: INFO: CUSTOM THEME DISABLED
2025/12/29 23:50:44 logger.go:29: INFO: CUSTOM THEME DISABLED
2025/12/29 23:50:44 logger.go:29: INFO: CUSTOM THEME DISABLED
2025/12/29 23:50:44 logger.go:29: INFO: CUSTOM THEME DISABLED
2025/12/30 00:02:40 logger.go:29: INFO: CUSTOM THEME DISABLED
2025/12/30 00:03:31 logger.go:29: INFO: CUSTOM THEME DISABLED
2025/12/30 00:03:31 logger.go:29: INFO: CUSTOM THEME DISABLED
2025/12/30 00:03:45 logger.go:29: INFO: CUSTOM THEME DISABLED
2025/12/30 00:03:45 logger.go:29: INFO: CUSTOM THEME DISABLED
2025/12/30 00:03:45 logger.go:29: INFO: CUSTOM THEME DISABLED
2025/12/30 00:03:45 logger.go:29: INFO: CUSTOM THEME DISABLED
2025/12/30 00:03:51 logger.go:29: INFO: CUSTOM THEME DISABLED
2025/12/30 00:04:47 logger.go:29: INFO: CUSTOM THEME DISABLED
2025/12/30 00:04:47 logger.go:29: INFO: CUSTOM THEME DISABLED
2025/12/30 00:04:53 logger.go:29: INFO: CUSTOM THEME DISABLED
2025/12/30 00:04:53 logger.go:29: INFO: CUSTOM THEME DISABLED
2025/12/30 00:04:53 logger.go:29: INFO: CUSTOM THEME DISABLED
2025/12/30 00:04:53 logger.go:29: INFO: CUSTOM THEME DISABLED
2025/12/30 00:05:37 logger.go:29: INFO: CUSTOM THEME DISABLED
2025/12/30 00:05:37 logger.go:29: INFO: CUSTOM THEME DISABLED
2025/12/30 00:05:37 logger.go:29: INFO: CUSTOM THEME DISABLED
2025/12/30 00:05:37 logger.go:29: INFO: CUSTOM THEME DISABLED
2025/12/30 00:06:13 logger.go:29: INFO: CUSTOM THEME DISABLED
2025/12/30 00:06:13 logger.go:29: INFO: CUSTOM THEME DISABLED
2025/12/30 00:06:13 logger.go:29: INFO: CUSTOM THEME DISABLED
2025/12/30 00:06:13 logger.go:29: INFO: CUSTOM THEME DISABLED
2025/12/30 00:08:19 logger.go:29: INFO: CUSTOM THEME DISABLED
2025/12/30 00:08:19 logger.go:29: INFO: CUSTOM THEME DISABLED
2025/12/30 00:08:19 logger.go:29: INFO: CUSTOM THEME DISABLED
2025/12/30 00:08:19 logger.go:29: INFO: CUSTOM THEME DISABLED
2025/12/30 00:08:33 logger.go:29: INFO: CUSTOM THEME DISABLED
2025/12/30 00:10:40 logger.go:29: INFO: CUSTOM THEME DISABLED
2025/12/30 00:10:40 logger.go:29: INFO: CUSTOM THEME DISABLED
2025/12/30 00:11:05 logger.go:29: INFO: CUSTOM THEME DISABLED
2025/12/30 00:11:05 logger.go:29: INFO: CUSTOM THEME DISABLED
2025/12/30 00:11:05 logger.go:29: INFO: CUSTOM THEME DISABLED
2025/12/30 00:11:05 logger.go:29: INFO: CUSTOM THEME DISABLED
2025/12/30 00:11:24 logger.go:29: INFO: CUSTOM THEME DISABLED
2025/12/30 00:11:24 logger.go:29: INFO: CUSTOM THEME DISABLED
2025/12/30 00:11:24 logger.go:29: INFO: CUSTOM THEME DISABLED
2025/12/30 00:11:24 logger.go:29: INFO: CUSTOM THEME DISABLED
2025/12/30 00:12:53 logger.go:29: INFO: CUSTOM THEME DISABLED
2025/12/30 00:13:02 logger.go:29: INFO: CUSTOM THEME DISABLED
2025/12/30 00:13:02 logger.go:29: INFO: CUSTOM THEME DISABLED
2025/12/30 00:13:02 logger.go:29: INFO: CUSTOM THEME DISABLED
2025/12/30 00:15:29 logger.go:29: INFO: CUSTOM THEME DISABLED
2025/12/30 00:15:29 logger.go:29: INFO: CUSTOM THEME DISABLED
2025/12/30 00:19:14 logger.go:29: INFO: CUSTOM THEME DISABLED
2025/12/30 00:19:14 logger.go:29: INFO: CUSTOM THEME DISABLED
2025/12/30 00:19:14 logger.go:29: INFO: CUSTOM THEME DISABLED
2025/12/30 00:19:14 logger.go:29: INFO: CUSTOM THEME DISABLED
2025/12/30 00:19:32 logger.go:29: INFO: CUSTOM THEME DISABLED
2025/12/30 00:19:32 logger.go:29: INFO: CUSTOM THEME DISABLED
2025/12/30 00:19:32 logger.go:29: INFO: CUSTOM THEME DISABLED
2025/12/30 00:19:32 logger.go:29: INFO: CUSTOM THEME DISABLED
2025/12/30 00:19:49 logger.go:29: INFO: CUSTOM THEME DISABLED
2025/12/30 00:19:49 logger.go:29: INFO: CUSTOM THEME DISABLED
2025/12/30 00:19:49 logger.go:29: INFO: CUSTOM THEME DISABLED
2025/12/30 00:19:49 logger.go:29: INFO: CUSTOM THEME DISABLED
2025/12/30 00:20:10 logger.go:29: INFO: CUSTOM THEME DISABLED
2025/12/30 00:20:10 logger.go:29: INFO: CUSTOM THEME DISABLED
2025/12/30 00:20:10 logger.go:29: INFO: CUSTOM THEME DISABLED
2025/12/30 00:20:10 logger.go:29: INFO: CUSTOM THEME DISABLED
2025/12/30 00:20:24 logger.go:29: INFO: CUSTOM THEME DISABLED
2025/12/30 00:20:24 logger.go:29: INFO: CUSTOM THEME DISABLED
2025/12/30 00:20:24 logger.go:29: INFO: CUSTOM THEME DISABLED
2025/12/30 00:20:24 logger.go:29: INFO: CUSTOM THEME DISABLED
2025/12/30 00:20:28 logger.go:29: INFO: CUSTOM THEME DISABLED
2025/12/30 00:20:28 logger.go:29: INFO: CUSTOM THEME DISABLED
2025/12/30 00:20:28 logger.go:29: INFO: CUSTOM THEME DISABLED
2025/12/30 00:20:28 logger.go:29: INFO: CUSTOM THEME DISABLED
2025/12/30 00:20:55 logger.go:29: INFO: CUSTOM THEME DISABLED
2025/12/30 00:20:55 logger.go:29: INFO: CUSTOM THEME DISABLED
2025/12/30 00:20:55 logger.go:29: INFO: CUSTOM THEME DISABLED
2025/12/30 00:20:55 logger.go:29: INFO: CUSTOM THEME DISABLED
2025/12/30 00:25:19 logger.go:29: INFO: CUSTOM THEME DISABLED
2025/12/30 00:25:19 logger.go:29: INFO: CUSTOM THEME DISABLED
2025/12/30 00:25:19 logger.go:29: INFO: CUSTOM THEME DISABLED
2025/12/30 00:25:19 logger.go:29: INFO: CUSTOM THEME DISABLED
2025/12/30 00:25:48 logger.go:29: INFO: CUSTOM THEME DISABLED
2025/12/30 00:25:48 logger.go:29: INFO: CUSTOM THEME DISABLED
2025/12/30 00:25:48 logger.go:29: INFO: CUSTOM THEME DISABLED
2025/12/30 00:25:48 logger.go:29: INFO: CUSTOM THEME DISABLED
2025/12/30 00:29:06 logger.go:29: INFO: CUSTOM THEME DISABLED
2025/12/30 00:29:06 logger.go:29: INFO: CUSTOM THEME DISABLED
2025/12/30 00:29:06 logger.go:29: INFO: CUSTOM THEME DISABLED
2025/12/30 00:29:06 logger.go:29: INFO: CUSTOM THEME DISABLED
2025/12/30 00:30:52 logger.go:29: INFO: CUSTOM THEME DISABLED
2025/12/30 00:30:52 logger.go:29: INFO: CUSTOM THEME DISABLED
2025/12/30 00:30:52 logger.go:29: INFO: CUSTOM THEME DISABLED
2025/12/30 00:30:52 logger.go:29: INFO: CUSTOM THEME DISABLED
2025/12/30 00:30:56 logger.go:29: INFO: CUSTOM THEME DISABLED
2025/12/30 00:30:56 logger.go:29: INFO: CUSTOM THEME DISABLED
2025/12/30 00:30:56 logger.go:29: INFO: CUSTOM THEME DISABLED
2025/12/30 00:35:26 logger.go:29: INFO: CUSTOM THEME DISABLED
2025/12/30 00:35:26 logger.go:29: INFO: CUSTOM THEME DISABLED
2025/12/30 00:35:26 logger.go:29: INFO: CUSTOM THEME DISABLED
2025/12/30 00:53:04 logger.go:29: INFO: CUSTOM THEME DISABLED
2025/12/30 00:53:09 logger.go:29: INFO: CUSTOM THEME DISABLED
2025/12/30 00:53:33 logger.go:29: INFO: CUSTOM THEME DISABLED
2025/12/30 00:53:33 logger.go:29: INFO: CUSTOM THEME DISABLED
2025/12/30 00:53:41 logger.go:29: INFO: CUSTOM THEME DISABLED
2025/12/30 00:53:41 logger.go:29: INFO: CUSTOM THEME DISABLED
2025/12/30 00:53:41 logger.go:29: INFO: CUSTOM THEME DISABLED
2025/12/30 01:00:49 logger.go:29: INFO: CUSTOM THEME DISABLED
2025/12/30 01:00:49 logger.go:29: INFO: CUSTOM THEME DISABLED
2025/12/30 01:00:49 logger.go:29: INFO: CUSTOM THEME DISABLED
2025/12/30 01:00:49 logger.go:37: WARN: Failed to get active window on Wayland: no suitable tool found (Hyprctl, Wlrctl)
2025/12/30 01:00:49 logger.go:37: WARN: Failed to get active window on Wayland: no suitable tool found (Hyprctl, Wlrctl)
2025/12/30 01:03:53 logger.go:29: INFO: CUSTOM THEME DISABLED
2025/12/30 01:03:53 logger.go:29: INFO: CUSTOM THEME DISABLED
2025/12/30 09:24:33 logger.go:29: INFO: CUSTOM THEME DISABLED
2025/12/30 09:24:33 logger.go:29: INFO: CUSTOM THEME DISABLED
2025/12/30 09:24:33 logger.go:29: INFO: CUSTOM THEME DISABLED
2025/12/30 09:24:33 logger.go:29: INFO: CUSTOM THEME DISABLED
2025/12/30 10:23:31 logger.go:29: INFO: CUSTOM THEME DISABLED
2025/12/30 10:23:31 logger.go:29: INFO: CUSTOM THEME DISABLED
2025/12/30 10:23:31 logger.go:29: INFO: CUSTOM THEME DISABLED
2025/12/30 10:23:31 logger.go:29: INFO: CUSTOM THEME DISABLED
2025/12/30 10:52:37 logger.go:29: INFO: CUSTOM THEME DISABLED
2025/12/30 10:52:37 logger.go:29: INFO: CUSTOM THEME DISABLED
2025/12/30 10:52:37 logger.go:29: INFO: CUSTOM THEME DISABLED
2025/12/30 10:52:37 logger.go:29: INFO: CUSTOM THEME DISABLED
2025/12/30 11:31:21 logger.go:29: INFO: CUSTOM THEME DISABLED
2025/12/30 11:31:21 logger.go:29: INFO: CUSTOM THEME DISABLED
2025/12/30 11:31:21 logger.go:29: INFO: CUSTOM THEME DISABLED
2025/12/30 11:31:21 logger.go:29: INFO: CUSTOM THEME DISABLED
2025/12/30 11:33:14 logger.go:29: INFO: CUSTOM THEME DISABLED
2025/12/30 11:33:14 logger.go:29: INFO: CUSTOM THEME DISABLED
2025/12/30 11:33:14 logger.go:29: INFO: CUSTOM THEME DISABLED
2025/12/30 11:33:14 logger.go:29: INFO: CUSTOM THEME DISABLED
2025/12/30 12:09:58 logger.go:29: INFO: CUSTOM THEME DISABLED
2025/12/30 13:11:10 logger.go:29: INFO: CUSTOM THEME DISABLED
2025/12/30 13:11:10 logger.go:29: INFO: CUSTOM THEME DISABLED
2025/12/30 13:43:49 logger.go:29: INFO: CUSTOM THEME DISABLED
2025/12/30 13:43:49 logger.go:29: INFO: CUSTOM THEME DISABLED
2025/12/30 13:43:49 logger.go:29: INFO: CUSTOM THEME DISABLED
2025/12/30 13:43:49 logger.go:29: INFO: CUSTOM THEME DISABLED
2025/12/30 14:21:16 logger.go:29: INFO: CUSTOM THEME DISABLED
2025/12/30 15:02:52 logger.go:29: INFO: CUSTOM THEME DISABLED
2025/12/30 15:03:09 logger.go:29: INFO: CUSTOM THEME DISABLED
2025/12/30 15:04:38 logger.go:29: INFO: CUSTOM THEME DISABLED
2025/12/30 15:04:38 logger.go:29: INFO: CUSTOM THEME DISABLED
2025/12/30 15:05:56 logger.go:29: INFO: CUSTOM THEME DISABLED
2025/12/30 15:05:56 logger.go:29: INFO: CUSTOM THEME DISABLED
2025/12/30 15:05:56 logger.go:29: INFO: CUSTOM THEME DISABLED
2025/12/30 15:05:56 logger.go:29: INFO: CUSTOM THEME DISABLED
2025/12/30 15:09:47 logger.go:29: INFO: CUSTOM THEME DISABLED
2025/12/30 15:09:47 logger.go:29: INFO: CUSTOM THEME DISABLED
2025/12/30 15:09:47 logger.go:29: INFO: CUSTOM THEME DISABLED
2025/12/30 15:09:47 logger.go:29: INFO: CUSTOM THEME DISABLED
2025/12/30 15:09:54 logger.go:29: INFO: CUSTOM THEME DISABLED
2025/12/30 15:09:54 logger.go:29: INFO: CUSTOM THEME DISABLED
2025/12/30 15:09:54 logger.go:29: INFO: CUSTOM THEME DISABLED
2025/12/30 15:09:54 logger.go:29: INFO: CUSTOM THEME DISABLED
2025/12/30 15:26:51 logger.go:29: INFO: CUSTOM THEME DISABLED
2025/12/30 15:26:51 logger.go:29: INFO: CUSTOM THEME DISABLED
2025/12/30 15:26:51 logger.go:29: INFO: CUSTOM THEME DISABLED
2025/12/30 15:26:51 logger.go:29: INFO: CUSTOM THEME DISABLED
2025/12/30 15:26:51 logger.go:29: INFO: CUSTOM THEME DISABLED
2025/12/30 15:26:52 logger.go:29: INFO: CUSTOM THEME DISABLED
2025/12/30 15:34:21 logger.go:29: INFO: CUSTOM THEME DISABLED
2025/12/30 15:34:21 logger.go:29: INFO: CUSTOM THEME DISABLED
2025/12/30 15:34:21 logger.go:29: INFO: CUSTOM THEME DISABLED
2025/12/30 15:34:21 logger.go:29: INFO: CUSTOM THEME DISABLED
2025/12/30 15:34:21 logger.go:29: INFO: CUSTOM THEME DISABLED
2025/12/30 15:34:21 logger.go:29: INFO: CUSTOM THEME DISABLED
2025/12/30 16:47:58 logger.go:29: INFO: CUSTOM THEME DISABLED
2025/12/30 16:47:58 logger.go:29: INFO: CUSTOM THEME DISABLED
2025/12/30 16:47:58 logger.go:29: INFO: CUSTOM THEME DISABLED
2025/12/30 16:47:58 logger.go:29: INFO: CUSTOM THEME DISABLED
2025/12/30 17:48:06 logger.go:29: INFO: CUSTOM THEME DISABLED
2025/12/30 20:38:25 logger.go:29: INFO: CUSTOM THEME DISABLED
2025/12/30 21:32:07 logger.go:29: INFO: CUSTOM THEME DISABLED
2025/12/30 21:32:07 logger.go:29: INFO: CUSTOM THEME DISABLED
2025/12/31 07:28:08 logger.go:29: INFO: CUSTOM THEME DISABLED
2025/12/31 07:28:08 logger.go:29: INFO: CUSTOM THEME DISABLED
2025/12/31 07:28:08 logger.go:29: INFO: CUSTOM THEME DISABLED
2025/12/31 07:28:08 logger.go:29: INFO: CUSTOM THEME DISABLED
2025/12/31 07:28:43 logger.go:29: INFO: CUSTOM THEME DISABLED
2025/12/31 07:28:43 logger.go:29: INFO: CUSTOM THEME DISABLED
2025/12/31 07:28:43 logger.go:29: INFO: CUSTOM THEME DISABLED
2025/12/31 07:28:43 logger.go:29: INFO: CUSTOM THEME DISABLED
2025/12/31 10:24:04 logger.go:29: INFO: CUSTOM THEME DISABLED
2025/12/31 10:24:37 logger.go:29: INFO: CUSTOM THEME DISABLED
2025/12/31 10:28:10 logger.go:29: INFO: CUSTOM THEME DISABLED
2025/12/31 10:29:18 logger.go:29: INFO: CUSTOM THEME DISABLED
2025/12/31 11:48:36 logger.go:29: INFO: CUSTOM THEME DISABLED
2025/12/31 11:48:36 logger.go:29: INFO: CUSTOM THEME DISABLED
2025/12/31 11:48:36 logger.go:29: INFO: CUSTOM THEME DISABLED
2025/12/31 11:48:37 logger.go:37: WARN: Failed to get active window on Wayland: no suitable tool found (Hyprctl, Wlrctl)
2025/12/31 11:48:37 logger.go:37: WARN: Failed to get active window on Wayland: no suitable tool found (Hyprctl, Wlrctl)
2025/12/31 13:10:12 logger.go:29: INFO: CUSTOM THEME DISABLED
2025/12/31 13:10:12 logger.go:29: INFO: CUSTOM THEME DISABLED
2025/12/31 13:49:42 logger.go:29: INFO: CUSTOM THEME DISABLED
2025/12/31 13:49:42 logger.go:29: INFO: CUSTOM THEME DISABLED
2025/12/31 14:48:49 logger.go:29: INFO: CUSTOM THEME DISABLED
2026/01/01 10:42:46 logger.go:29: INFO: CUSTOM THEME DISABLED
2026/01/01 10:42:50 logger.go:29: INFO: CUSTOM THEME DISABLED
2026/01/01 10:42:50 logger.go:29: INFO: CUSTOM THEME DISABLED
2026/01/01 10:42:50 logger.go:29: INFO: CUSTOM THEME DISABLED
2026/01/01 13:42:05 logger.go:29: INFO: CUSTOM THEME DISABLED
2026/01/01 13:42:18 logger.go:29: INFO: CUSTOM THEME DISABLED
2026/01/01 13:42:18 logger.go:29: INFO: CUSTOM THEME DISABLED
2026/01/01 13:42:33 logger.go:29: INFO: CUSTOM THEME DISABLED
2026/01/01 13:42:49 logger.go:29: INFO: CUSTOM THEME DISABLED
2026/01/01 13:42:49 logger.go:29: INFO: CUSTOM THEME DISABLED
2026/01/01 13:42:49 logger.go:29: INFO: CUSTOM THEME DISABLED
2026/01/01 13:47:42 logger.go:29: INFO: CUSTOM THEME DISABLED
2026/01/01 13:47:42 logger.go:29: INFO: CUSTOM THEME DISABLED
2026/01/01 15:03:50 logger.go:29: INFO: CUSTOM THEME DISABLED
2026/01/01 17:55:29 logger.go:29: INFO: CUSTOM THEME DISABLED
2026/01/02 10:07:12 logger.go:29: INFO: CUSTOM THEME DISABLED
2026/01/02 11:47:27 logger.go:29: INFO: CUSTOM THEME DISABLED
2026/01/02 11:47:27 logger.go:29: INFO: CUSTOM THEME DISABLED
2026/01/02 12:30:33 logger.go:29: INFO: CUSTOM THEME DISABLED
2026/01/02 12:30:33 logger.go:29: INFO: CUSTOM THEME DISABLED
2026/01/02 12:30:33 logger.go:29: INFO: CUSTOM THEME DISABLED
2026/01/02 12:30:33 logger.go:29: INFO: CUSTOM THEME DISABLED
2026/01/02 13:04:21 logger.go:29: INFO: CUSTOM THEME DISABLED
2026/01/02 13:06:32 logger.go:29: INFO: CUSTOM THEME DISABLED
2026/01/02 13:06:39 logger.go:29: INFO: CUSTOM THEME DISABLED
2026/01/02 16:38:26 logger.go:29: INFO: CUSTOM THEME DISABLED
2026/01/02 16:38:26 logger.go:29: INFO: CUSTOM THEME DISABLED
2026/01/02 16:40:13 logger.go:29: INFO: CUSTOM THEME DISABLED
2026/01/02 16:40:13 logger.go:29: INFO: CUSTOM THEME DISABLED
2026/01/02 16:40:13 logger.go:29: INFO: CUSTOM THEME DISABLED
2026/01/02 16:40:13 logger.go:29: INFO: CUSTOM THEME DISABLED
2026/01/02 18:16:28 logger.go:29: INFO: CUSTOM THEME DISABLED
2026/01/02 18:17:35 logger.go:29: INFO: CUSTOM THEME DISABLED
2026/01/02 18:17:35 logger.go:29: INFO: CUSTOM THEME DISABLED
2026/01/02 19:27:42 logger.go:29: INFO: CUSTOM THEME DISABLED
2026/01/02 19:27:42 logger.go:29: INFO: CUSTOM THEME DISABLED
2026/01/02 19:27:42 logger.go:29: INFO: CUSTOM THEME DISABLED
2026/01/02 19:27:42 logger.go:29: INFO: CUSTOM THEME DISABLED
2026/01/02 21:53:04 logger.go:29: INFO: CUSTOM THEME DISABLED
2026/01/02 22:38:33 logger.go:29: INFO: CUSTOM THEME DISABLED
2026/01/02 22:42:02 logger.go:29: INFO: CUSTOM THEME DISABLED
2026/01/02 23:14:47 logger.go:29: INFO: CUSTOM THEME DISABLED
2026/01/02 23:14:47 logger.go:29: INFO: CUSTOM THEME DISABLED
2026/01/02 23:14:51 logger.go:29: INFO: CUSTOM THEME DISABLED
2026/01/02 23:14:51 logger.go:29: INFO: CUSTOM THEME DISABLED
2026/01/02 23:14:51 logger.go:29: INFO: CUSTOM THEME DISABLED
2026/01/02 23:14:54 logger.go:29: INFO: CUSTOM THEME DISABLED
2026/01/02 23:14:54 logger.go:29: INFO: CUSTOM THEME DISABLED
2026/01/02 23:15:23 logger.go:29: INFO: CUSTOM THEME DISABLED
2026/01/02 23:15:23 logger.go:29: INFO: CUSTOM THEME DISABLED
2026/01/02 23:15:23 logger.go:29: INFO: CUSTOM THEME DISABLED
2026/01/02 23:15:23 logger.go:29: INFO: CUSTOM THEME DISABLED
2026/01/02 23:18:39 logger.go:29: INFO: CUSTOM THEME DISABLED
2026/01/02 23:18:39 logger.go:29: INFO: CUSTOM THEME DISABLED
2026/01/02 23:18:39 logger.go:29: INFO: CUSTOM THEME DISABLED
2026/01/02 23:18:39 logger.go:29: INFO: CUSTOM THEME DISABLED
2026/01/02 23:43:10 logger.go:29: INFO: CUSTOM THEME DISABLED
2026/01/02 23:43:10 logger.go:29: INFO: CUSTOM THEME DISABLED
2026/01/02 23:43:10 logger.go:29: INFO: CUSTOM THEME DISABLED
2026/01/02 23:43:10 logger.go:29: INFO: CUSTOM THEME DISABLED
2026/01/02 23:44:11 logger.go:29: INFO: CUSTOM THEME DISABLED
2026/01/02 23:44:11 logger.go:29: INFO: CUSTOM THEME DISABLED
2026/01/02 23:44:11 logger.go:29: INFO: CUSTOM THEME DISABLED
2026/01/02 23:44:11 logger.go:29: INFO: CUSTOM THEME DISABLED
2026/01/02 23:48:58 logger.go:29: INFO: CUSTOM THEME DISABLED
2026/01/02 23:51:44 logger.go:29: INFO: CUSTOM THEME DISABLED
2026/01/02 23:51:44 logger.go:29: INFO: CUSTOM THEME DISABLED
2026/01/03 00:03:59 logger.go:29: INFO: CUSTOM THEME DISABLED
2026/01/03 01:14:23 logger.go:29: INFO: CUSTOM THEME DISABLED
2026/01/03 01:15:19 logger.go:29: INFO: CUSTOM THEME DISABLED
2026/01/03 01:15:19 logger.go:29: INFO: CUSTOM THEME DISABLED
2026/01/03 01:15:19 logger.go:29: INFO: CUSTOM THEME DISABLED
2026/01/03 01:37:38 logger.go:29: INFO: CUSTOM THEME DISABLED
2026/01/03 01:37:38 logger.go:29: INFO: CUSTOM THEME DISABLED
2026/01/03 01:39:08 logger.go:29: INFO: CUSTOM THEME DISABLED
2026/01/03 01:39:08 logger.go:29: INFO: CUSTOM THEME DISABLED
2026/01/03 01:39:08 logger.go:29: INFO: CUSTOM THEME DISABLED
2026/01/03 01:39:08 logger.go:29: INFO: CUSTOM THEME DISABLED
2026/01/03 01:59:45 logger.go:29: INFO: CUSTOM THEME DISABLED
2026/01/03 01:59:45 logger.go:29: INFO: CUSTOM THEME DISABLED
2026/01/03 01:59:45 logger.go:29: INFO: CUSTOM THEME DISABLED
2026/01/03 01:59:45 logger.go:29: INFO: CUSTOM THEME DISABLED
2026/01/03 12:57:46 logger.go:29: INFO: CUSTOM THEME DISABLED
2026/01/03 12:57:46 logger.go:29: INFO: CUSTOM THEME DISABLED
2026/01/03 12:57:46 logger.go:29: INFO: CUSTOM THEME DISABLED
2026/01/03 12:57:46 logger.go:29: INFO: CUSTOM THEME DISABLED
2026/01/03 13:45:52 logger.go:29: INFO: CUSTOM THEME DISABLED
2026/01/03 13:45:52 logger.go:29: INFO: CUSTOM THEME DISABLED
2026/01/03 13:45:52 logger.go:29: INFO: CUSTOM THEME DISABLED
2026/01/03 13:45:52 logger.go:29: INFO: CUSTOM THEME DISABLED
2026/01/03 13:55:41 logger.go:29: INFO: CUSTOM THEME DISABLED
2026/01/03 15:21:30 logger.go:29: INFO: CUSTOM THEME DISABLED
2026/01/03 15:21:30 logger.go:29: INFO: CUSTOM THEME DISABLED
2026/01/03 16:16:20 logger.go:29: INFO: CUSTOM THEME DISABLED
2026/01/03 18:37:34 logger.go:29: INFO: CUSTOM THEME DISABLED
2026/01/04 13:57:26 logger.go:29: INFO: CUSTOM THEME DISABLED
2026/01/04 13:57:26 logger.go:29: INFO: CUSTOM THEME DISABLED
2026/01/04 13:57:26 logger.go:29: INFO: CUSTOM THEME DISABLED
2026/01/04 13:57:26 logger.go:37: WARN: Failed to get active window on Wayland: no suitable tool found (Hyprctl, Wlrctl)
2026/01/04 13:57:26 logger.go:37: WARN: Failed to get active window on Wayland: no suitable tool found (Hyprctl, Wlrctl)
2026/01/04 14:29:16 logger.go:29: INFO: CUSTOM THEME DISABLED
2026/01/04 14:29:16 logger.go:29: INFO: CUSTOM THEME DISABLED
2026/01/04 14:31:28 logger.go:29: INFO: CUSTOM THEME DISABLED
2026/01/04 14:31:28 logger.go:29: INFO: CUSTOM THEME DISABLED
2026/01/04 14:31:28 logger.go:29: INFO: CUSTOM THEME DISABLED
2026/01/04 14:31:28 logger.go:29: INFO: CUSTOM THEME DISABLED
2026/01/04 14:36:44 logger.go:29: INFO: CUSTOM THEME DISABLED
2026/01/04 14:40:30 logger.go:29: INFO: CUSTOM THEME DISABLED
2026/01/04 14:40:30 logger.go:29: INFO: CUSTOM THEME DISABLED
2026/01/04 14:45:30 logger.go:29: INFO: CUSTOM THEME DISABLED
2026/01/04 14:45:31 logger.go:29: INFO: CUSTOM THEME DISABLED
2026/01/04 14:45:31 logger.go:29: INFO: CUSTOM THEME DISABLED
2026/01/04 14:45:31 logger.go:37: WARN: Failed to get active window on Wayland: no suitable tool found (Hyprctl, Wlrctl)
2026/01/04 14:45:31 logger.go:37: WARN: Failed to get active window on Wayland: no suitable tool found (Hyprctl, Wlrctl)
2026/01/04 15:33:21 logger.go:29: INFO: CUSTOM THEME DISABLED
2026/01/04 15:33:21 logger.go:29: INFO: CUSTOM THEME DISABLED
2026/01/04 15:33:21 logger.go:29: INFO: CUSTOM THEME DISABLED
2026/01/04 15:33:21 logger.go:37: WARN: Failed to get active window on Wayland: no suitable tool found (Hyprctl, Wlrctl)
2026/01/04 15:33:21 logger.go:37: WARN: Failed to get active window on Wayland: no suitable tool found (Hyprctl, Wlrctl)
2026/01/04 15:38:41 logger.go:29: INFO: CUSTOM THEME DISABLED
2026/01/04 15:38:41 logger.go:29: INFO: CUSTOM THEME DISABLED
2026/01/04 15:41:58 logger.go:29: INFO: CUSTOM THEME DISABLED
2026/01/04 15:41:58 logger.go:29: INFO: CUSTOM THEME DISABLED
2026/01/04 15:41:58 logger.go:29: INFO: CUSTOM THEME DISABLED
2026/01/04 15:41:58 logger.go:29: INFO: CUSTOM THEME DISABLED
2026/01/04 15:42:12 logger.go:29: INFO: CUSTOM THEME DISABLED
2026/01/04 15:42:12 logger.go:29: INFO: CUSTOM THEME DISABLED
2026/01/04 15:42:12 logger.go:29: INFO: CUSTOM THEME DISABLED
2026/01/04 15:42:12 logger.go:29: INFO: CUSTOM THEME DISABLED
2026/01/04 15:43:22 logger.go:29: INFO: CUSTOM THEME DISABLED
2026/01/04 15:43:22 logger.go:29: INFO: CUSTOM THEME DISABLED
2026/01/04 15:43:22 logger.go:37: WARN: Failed to get active window on Wayland: no suitable tool found (Hyprctl, Wlrctl)
2026/01/04 15:43:22 logger.go:37: WARN: Failed to get active window on Wayland: no suitable tool found (Hyprctl, Wlrctl)
2026/01/04 15:52:17 logger.go:29: INFO: CUSTOM THEME DISABLED
2026/01/04 15:52:17 logger.go:29: INFO: CUSTOM THEME DISABLED
2026/01/04 15:54:33 logger.go:29: INFO: CUSTOM THEME DISABLED
2026/01/04 15:54:33 logger.go:29: INFO: CUSTOM THEME DISABLED
2026/01/04 15:54:33 logger.go:37: WARN: Failed to get active window on Wayland: no suitable tool found (Hyprctl, Wlrctl)
2026/01/04 15:54:33 logger.go:37: WARN: Failed to get active window on Wayland: no suitable tool found (Hyprctl, Wlrctl)
2026/01/04 15:54:42 logger.go:29: INFO: CUSTOM THEME DISABLED
2026/01/04 15:54:45 logger.go:29: INFO: CUSTOM THEME DISABLED
2026/01/04 15:54:45 logger.go:29: INFO: CUSTOM THEME DISABLED
2026/01/04 15:54:45 logger.go:29: INFO: CUSTOM THEME DISABLED
2026/01/04 15:54:47 logger.go:29: INFO: CUSTOM THEME DISABLED
2026/01/04 15:57:34 logger.go:29: INFO: CUSTOM THEME DISABLED
2026/01/04 15:57:34 logger.go:29: INFO: CUSTOM THEME DISABLED
2026/01/04 19:35:40 logger.go:29: INFO: CUSTOM THEME DISABLED
2026/01/04 19:35:40 logger.go:29: INFO: CUSTOM THEME DISABLED
2026/01/04 19:35:40 logger.go:29: INFO: CUSTOM THEME DISABLED
2026/01/04 19:35:40 logger.go:29: INFO: CUSTOM THEME DISABLED
2026/01/04 19:58:40 logger.go:29: INFO: CUSTOM THEME DISABLED
2026/01/04 19:58:40 logger.go:29: INFO: CUSTOM THEME DISABLED
2026/01/04 19:58:40 logger.go:29: INFO: CUSTOM THEME DISABLED
2026/01/04 19:58:40 logger.go:29: INFO: CUSTOM THEME DISABLED
2026/01/04 23:48:45 logger.go:29: INFO: CUSTOM THEME DISABLED
2026/01/04 23:48:45 logger.go:29: INFO: CUSTOM THEME DISABLED
2026/01/04 23:48:45 logger.go:29: INFO: CUSTOM THEME DISABLED
2026/01/04 23:48:45 logger.go:29: INFO: CUSTOM THEME DISABLED
2026/01/05 00:09:16 logger.go:29: INFO: CUSTOM THEME DISABLED
2026/01/05 00:09:16 logger.go:29: INFO: CUSTOM THEME DISABLED
2026/01/05 00:09:16 logger.go:29: INFO: CUSTOM THEME DISABLED
2026/01/05 00:09:16 logger.go:29: INFO: CUSTOM THEME DISABLED
2026/01/05 12:42:01 logger.go:29: INFO: CUSTOM THEME DISABLED
2026/01/05 12:42:20 logger.go:29: INFO: CUSTOM THEME DISABLED
2026/01/05 12:42:20 logger.go:29: INFO: CUSTOM THEME DISABLED
2026/01/05 22:27:30 logger.go:29: INFO: CUSTOM THEME DISABLED
2026/01/05 23:23:36 logger.go:29: INFO: CUSTOM THEME DISABLED
2026/01/06 10:21:10 logger.go:29: INFO: CUSTOM THEME DISABLED
2026/01/06 10:21:10 logger.go:29: INFO: CUSTOM THEME DISABLED
2026/01/06 11:06:12 logger.go:29: INFO: CUSTOM THEME DISABLED
2026/01/06 11:06:12 logger.go:29: INFO: CUSTOM THEME DISABLED
2026/01/06 11:06:12 logger.go:29: INFO: CUSTOM THEME DISABLED
2026/01/06 11:06:12 logger.go:29: INFO: CUSTOM THEME DISABLED
2026/01/06 11:06:26 logger.go:29: INFO: CUSTOM THEME DISABLED
2026/01/06 11:06:26 logger.go:29: INFO: CUSTOM THEME DISABLED
2026/01/06 11:06:26 logger.go:29: INFO: CUSTOM THEME DISABLED
2026/01/06 11:06:26 logger.go:29: INFO: CUSTOM THEME DISABLED
2026/01/06 11:19:56 logger.go:29: INFO: CUSTOM THEME DISABLED
2026/01/06 11:19:56 logger.go:29: INFO: CUSTOM THEME DISABLED
2026/01/06 11:19:56 logger.go:29: INFO: CUSTOM THEME DISABLED
2026/01/06 11:19:56 logger.go:29: INFO: CUSTOM THEME DISABLED
2026/01/06 20:28:07 logger.go:29: INFO: CUSTOM THEME DISABLED
2026/01/06 21:21:38 logger.go:29: INFO: CUSTOM THEME DISABLED
2026/01/06 21:22:09 logger.go:29: INFO: CUSTOM THEME DISABLED
2026/01/06 21:22:09 logger.go:29: INFO: CUSTOM THEME DISABLED
2026/01/06 21:22:10 logger.go:29: INFO: CUSTOM THEME DISABLED
2026/01/06 21:22:10 logger.go:29: INFO: CUSTOM THEME DISABLED
2026/01/06 21:22:10 logger.go:29: INFO: CUSTOM THEME DISABLED
2026/01/07 10:51:49 logger.go:29: INFO: CUSTOM THEME DISABLED
2026/01/07 10:51:49 logger.go:29: INFO: CUSTOM THEME DISABLED
2026/01/07 12:22:29 logger.go:29: INFO: CUSTOM THEME DISABLED
2026/01/07 12:22:29 logger.go:29: INFO: CUSTOM THEME DISABLED
2026/01/07 12:22:29 logger.go:29: INFO: CUSTOM THEME DISABLED
2026/01/07 12:22:29 logger.go:29: INFO: CUSTOM THEME DISABLED
2026/01/07 12:22:47 logger.go:29: INFO: CUSTOM THEME DISABLED
2026/01/07 12:22:47 logger.go:29: INFO: CUSTOM THEME DISABLED
2026/01/07 12:22:47 logger.go:29: INFO: CUSTOM THEME DISABLED
2026/01/07 12:22:47 logger.go:29: INFO: CUSTOM THEME DISABLED
2026/01/07 12:27:30 logger.go:29: INFO: CUSTOM THEME DISABLED
2026/01/07 12:41:20 logger.go:29: INFO: CUSTOM THEME DISABLED
2026/01/07 12:41:20 logger.go:29: INFO: CUSTOM THEME DISABLED
2026/01/07 12:41:32 logger.go:29: INFO: CUSTOM THEME DISABLED
2026/01/07 12:41:32 logger.go:29: INFO: CUSTOM THEME DISABLED
2026/01/07 12:41:32 logger.go:29: INFO: CUSTOM THEME DISABLED
2026/01/07 12:41:32 logger.go:29: INFO: CUSTOM THEME DISABLED
2026/01/07 12:41:41 logger.go:29: INFO: CUSTOM THEME DISABLED
2026/01/07 12:41:41 logger.go:29: INFO: CUSTOM THEME DISABLED
2026/01/07 12:41:41 logger.go:29: INFO: CUSTOM THEME DISABLED
2026/01/07 12:46:58 logger.go:29: INFO: CUSTOM THEME DISABLED
2026/01/07 12:46:58 logger.go:29: INFO: CUSTOM THEME DISABLED
2026/01/07 13:37:56 logger.go:29: INFO: CUSTOM THEME DISABLED
2026/01/07 13:37:56 logger.go:29: INFO: CUSTOM THEME DISABLED
2026/01/07 13:37:56 logger.go:29: INFO: CUSTOM THEME DISABLED
2026/01/07 13:37:56 logger.go:29: INFO: CUSTOM THEME DISABLED
2026/01/07 13:38:00 logger.go:29: INFO: CUSTOM THEME DISABLED
2026/01/07 13:38:00 logger.go:29: INFO: CUSTOM THEME DISABLED
2026/01/07 13:38:00 logger.go:37: WARN: Failed to get active window on Wayland: no suitable tool found (Hyprctl, Wlrctl)
2026/01/07 13:38:00 logger.go:37: WARN: Failed to get active window on Wayland: no suitable tool found (Hyprctl, Wlrctl)
2026/01/07 13:56:09 logger.go:29: INFO: CUSTOM THEME DISABLED
2026/01/07 13:56:09 logger.go:29: INFO: CUSTOM THEME DISABLED
2026/01/07 13:57:51 logger.go:29: INFO: CUSTOM THEME DISABLED
2026/01/07 13:57:51 logger.go:29: INFO: CUSTOM THEME DISABLED
2026/01/07 13:57:51 logger.go:29: INFO: CUSTOM THEME DISABLED
2026/01/07 13:57:51 logger.go:29: INFO: CUSTOM THEME DISABLED
2026/01/07 14:14:18 logger.go:29: INFO: CUSTOM THEME DISABLED
2026/01/07 14:14:18 logger.go:29: INFO: CUSTOM THEME DISABLED
2026/01/07 14:14:18 logger.go:29: INFO: CUSTOM THEME DISABLED
2026/01/07 14:14:18 logger.go:29: INFO: CUSTOM THEME DISABLED
2026/01/07 14:15:38 logger.go:29: INFO: CUSTOM THEME DISABLED
2026/01/07 14:15:38 logger.go:29: INFO: CUSTOM THEME DISABLED
2026/01/07 14:15:38 logger.go:29: INFO: CUSTOM THEME DISABLED
2026/01/07 14:15:38 logger.go:29: INFO: CUSTOM THEME DISABLED
2026/01/07 14:16:01 logger.go:29: INFO: CUSTOM THEME DISABLED
2026/01/07 14:16:01 logger.go:29: INFO: CUSTOM THEME DISABLED
2026/01/07 14:16:01 logger.go:29: INFO: CUSTOM THEME DISABLED
2026/01/07 14:16:01 logger.go:29: INFO: CUSTOM THEME DISABLED
2026/01/07 14:42:31 logger.go:29: INFO: CUSTOM THEME DISABLED
2026/01/07 14:42:31 logger.go:29: INFO: CUSTOM THEME DISABLED
2026/01/07 14:42:31 logger.go:29: INFO: CUSTOM THEME DISABLED
2026/01/07 14:42:31 logger.go:29: INFO: CUSTOM THEME DISABLED
2026/01/07 14:47:29 logger.go:29: INFO: CUSTOM THEME DISABLED
2026/01/07 14:59:17 logger.go:29: INFO: CUSTOM THEME DISABLED
2026/01/07 14:59:17 logger.go:29: INFO: CUSTOM THEME DISABLED
2026/01/07 14:59:17 logger.go:29: INFO: CUSTOM THEME DISABLED
2026/01/07 14:59:17 logger.go:37: WARN: Failed to get active window on Wayland: no suitable tool found (Hyprctl, Wlrctl)
2026/01/07 14:59:17 logger.go:37: WARN: Failed to get active window on Wayland: no suitable tool found (Hyprctl, Wlrctl)
2026/01/07 16:02:12 logger.go:29: INFO: CUSTOM THEME DISABLED
2026/01/07 16:02:32 logger.go:29: INFO: CUSTOM THEME DISABLED
2026/01/07 16:02:32 logger.go:29: INFO: CUSTOM THEME DISABLED
2026/01/07 16:02:45 logger.go:29: INFO: CUSTOM THEME DISABLED
2026/01/07 16:02:45 logger.go:29: INFO: CUSTOM THEME DISABLED
2026/01/07 16:05:53 logger.go:29: INFO: CUSTOM THEME DISABLED
2026/01/07 16:05:53 logger.go:29: INFO: CUSTOM THEME DISABLED
2026/01/07 16:52:52 logger.go:29: INFO: CUSTOM THEME DISABLED
2026/01/07 16:52:52 logger.go:29: INFO: CUSTOM THEME DISABLED
2026/01/07 16:52:52 logger.go:29: INFO: CUSTOM THEME DISABLED
2026/01/07 16:52:52 logger.go:29: INFO: CUSTOM THEME DISABLED
2026/01/07 16:52:52 logger.go:29: INFO: CUSTOM THEME DISABLED
2026/01/07 16:52:52 logger.go:29: INFO: CUSTOM THEME DISABLED
2026/01/07 17:04:45 logger.go:29: INFO: CUSTOM THEME DISABLED
2026/01/07 17:04:45 logger.go:29: INFO: CUSTOM THEME DISABLED
2026/01/07 17:04:45 logger.go:29: INFO: CUSTOM THEME DISABLED
2026/01/07 17:04:45 logger.go:29: INFO: CUSTOM THEME DISABLED
2026/01/07 17:04:45 logger.go:29: INFO: CUSTOM THEME DISABLED
2026/01/07 17:04:45 logger.go:29: INFO: CUSTOM THEME DISABLED
2026/01/07 17:22:20 logger.go:29: INFO: CUSTOM THEME DISABLED
2026/01/07 17:22:20 logger.go:29: INFO: CUSTOM THEME DISABLED
2026/01/07 17:22:20 logger.go:29: INFO: CUSTOM THEME DISABLED
2026/01/07 17:22:20 logger.go:29: INFO: CUSTOM THEME DISABLED
2026/01/07 17:44:55 logger.go:29: INFO: CUSTOM THEME DISABLED
2026/01/07 17:44:55 logger.go:29: INFO: CUSTOM THEME DISABLED
2026/01/07 17:44:55 logger.go:29: INFO: CUSTOM THEME DISABLED
2026/01/07 17:44:55 logger.go:29: INFO: CUSTOM THEME DISABLED
2026/01/07 18:23:17 logger.go:29: INFO: CUSTOM THEME DISABLED
2026/01/07 18:23:17 logger.go:29: INFO: CUSTOM THEME DISABLED
2026/01/07 18:23:17 logger.go:29: INFO: CUSTOM THEME DISABLED
2026/01/07 18:23:17 logger.go:29: INFO: CUSTOM THEME DISABLED
2026/01/07 18:29:52 logger.go:29: INFO: CUSTOM THEME DISABLED
2026/01/07 22:47:00 logger.go:29: INFO: CUSTOM THEME DISABLED
2026/01/07 23:11:41 logger.go:29: INFO: CUSTOM THEME DISABLED
2026/01/07 23:32:47 logger.go:29: INFO: CUSTOM THEME DISABLED
2026/01/07 23:32:47 logger.go:29: INFO: CUSTOM THEME DISABLED
2026/01/08 09:50:49 logger.go:29: INFO: CUSTOM THEME DISABLED
2026/01/08 09:50:49 logger.go:29: INFO: CUSTOM THEME DISABLED
2026/01/08 09:50:49 logger.go:29: INFO: CUSTOM THEME DISABLED
2026/01/08 09:50:49 logger.go:29: INFO: CUSTOM THEME DISABLED
2026/01/08 10:10:05 logger.go:29: INFO: CUSTOM THEME DISABLED
2026/01/08 10:10:05 logger.go:29: INFO: CUSTOM THEME DISABLED
2026/01/08 10:10:05 logger.go:29: INFO: CUSTOM THEME DISABLED
2026/01/08 10:10:05 logger.go:29: INFO: CUSTOM THEME DISABLED
2026/01/08 10:51:23 logger.go:29: INFO: CUSTOM THEME DISABLED
2026/01/08 10:51:23 logger.go:29: INFO: CUSTOM THEME DISABLED
2026/01/08 10:51:23 logger.go:37: WARN: Failed to get active window on Wayland: no suitable tool found (Hyprctl, Wlrctl)
2026/01/08 10:51:23 logger.go:37: WARN: Failed to get active window on Wayland: no suitable tool found (Hyprctl, Wlrctl)
2026/01/08 11:53:42 logger.go:29: INFO: CUSTOM THEME DISABLED
2026/01/08 12:15:43 logger.go:29: INFO: CUSTOM THEME DISABLED
2026/01/08 12:15:43 logger.go:29: INFO: CUSTOM THEME DISABLED
2026/01/08 12:18:03 logger.go:29: INFO: CUSTOM THEME DISABLED
2026/01/08 12:18:03 logger.go:29: INFO: CUSTOM THEME DISABLED
2026/01/08 12:18:03 logger.go:29: INFO: CUSTOM THEME DISABLED
2026/01/08 12:18:03 logger.go:29: INFO: CUSTOM THEME DISABLED
2026/01/08 12:18:20 logger.go:29: INFO: CUSTOM THEME DISABLED
2026/01/08 12:18:46 logger.go:29: INFO: CUSTOM THEME DISABLED
2026/01/08 12:18:46 logger.go:29: INFO: CUSTOM THEME DISABLED
2026/01/08 12:18:57 logger.go:29: INFO: CUSTOM THEME DISABLED
2026/01/08 12:19:07 logger.go:29: INFO: CUSTOM THEME DISABLED
2026/01/08 12:19:07 logger.go:29: INFO: CUSTOM THEME DISABLED
2026/01/08 12:19:07 logger.go:29: INFO: CUSTOM THEME DISABLED
2026/01/08 12:19:08 logger.go:29: INFO: CUSTOM THEME DISABLED
2026/01/08 12:19:08 logger.go:29: INFO: CUSTOM THEME DISABLED
2026/01/08 12:19:08 logger.go:29: INFO: CUSTOM THEME DISABLED
2026/01/08 12:20:24 logger.go:29: INFO: CUSTOM THEME DISABLED
2026/01/08 12:20:24 logger.go:29: INFO: CUSTOM THEME DISABLED
2026/01/08 12:20:24 logger.go:29: INFO: CUSTOM THEME DISABLED
2026/01/08 12:20:32 logger.go:29: INFO: CUSTOM THEME DISABLED
2026/01/08 12:20:32 logger.go:29: INFO: CUSTOM THEME DISABLED
2026/01/08 12:20:32 logger.go:29: INFO: CUSTOM THEME DISABLED
2026/01/08 12:20:37 logger.go:29: INFO: CUSTOM THEME DISABLED
2026/01/08 12:20:37 logger.go:29: INFO: CUSTOM THEME DISABLED
2026/01/08 12:20:37 logger.go:29: INFO: CUSTOM THEME DISABLED
2026/01/08 12:24:56 logger.go:29: INFO: CUSTOM THEME DISABLED
2026/01/08 12:24:56 logger.go:29: INFO: CUSTOM THEME DISABLED
2026/01/08 12:24:56 logger.go:29: INFO: CUSTOM THEME DISABLED
2026/01/08 12:27:21 logger.go:29: INFO: CUSTOM THEME DISABLED
2026/01/08 12:27:21 logger.go:29: INFO: CUSTOM THEME DISABLED
2026/01/08 12:27:21 logger.go:29: INFO: CUSTOM THEME DISABLED
2026/01/08 12:27:24 logger.go:29: INFO: CUSTOM THEME DISABLED
2026/01/08 12:27:24 logger.go:29: INFO: CUSTOM THEME DISABLED
2026/01/08 12:27:24 logger.go:29: INFO: CUSTOM THEME DISABLED
2026/01/08 12:28:33 logger.go:29: INFO: CUSTOM THEME DISABLED
2026/01/08 12:28:33 logger.go:29: INFO: CUSTOM THEME DISABLED
2026/01/08 12:28:33 logger.go:29: INFO: CUSTOM THEME DISABLED
2026/01/08 12:28:36 logger.go:29: INFO: CUSTOM THEME DISABLED
2026/01/08 12:28:36 logger.go:29: INFO: CUSTOM THEME DISABLED
2026/01/08 12:28:36 logger.go:29: INFO: CUSTOM THEME DISABLED
2026/01/08 12:35:05 logger.go:29: INFO: CUSTOM THEME DISABLED
2026/01/08 12:35:05 logger.go:29: INFO: CUSTOM THEME DISABLED
2026/01/08 12:35:05 logger.go:29: INFO: CUSTOM THEME DISABLED
2026/01/08 13:16:31 logger.go:29: INFO: CUSTOM THEME DISABLED
2026/01/08 13:16:31 logger.go:29: INFO: CUSTOM THEME DISABLED
2026/01/08 13:16:31 logger.go:29: INFO: CUSTOM THEME DISABLED
2026/01/08 13:19:23 logger.go:29: INFO: CUSTOM THEME DISABLED
2026/01/08 13:19:23 logger.go:29: INFO: CUSTOM THEME DISABLED
2026/01/08 13:26:32 logger.go:29: INFO: CUSTOM THEME DISABLED
2026/01/08 13:26:35 logger.go:29: INFO: CUSTOM THEME DISABLED
2026/01/08 13:26:35 logger.go:29: INFO: CUSTOM THEME DISABLED
2026/01/08 13:26:35 logger.go:29: INFO: CUSTOM THEME DISABLED
2026/01/08 13:26:50 logger.go:29: INFO: CUSTOM THEME DISABLED
2026/01/08 13:26:50 logger.go:29: INFO: CUSTOM THEME DISABLED
2026/01/08 13:46:24 logger.go:29: INFO: CUSTOM THEME DISABLED
2026/01/08 14:01:10 logger.go:29: INFO: CUSTOM THEME DISABLED
2026/01/08 14:01:10 logger.go:29: INFO: CUSTOM THEME DISABLED
2026/01/08 14:01:10 logger.go:29: INFO: CUSTOM THEME DISABLED
2026/01/08 14:03:22 logger.go:29: INFO: CUSTOM THEME DISABLED
2026/01/08 14:03:22 logger.go:29: INFO: CUSTOM THEME DISABLED
2026/01/08 14:03:22 logger.go:29: INFO: CUSTOM THEME DISABLED
2026/01/08 15:42:42 logger.go:29: INFO: CUSTOM THEME DISABLED
2026/01/08 15:42:42 logger.go:29: INFO: CUSTOM THEME DISABLED
2026/01/08 17:15:45 logger.go:29: INFO: CUSTOM THEME DISABLED
2026/01/08 17:15:45 logger.go:29: INFO: CUSTOM THEME DISABLED
2026/01/08 17:15:45 logger.go:29: INFO: CUSTOM THEME DISABLED
2026/01/08 17:15:45 logger.go:37: WARN: Failed to get active window on Wayland: no suitable tool found (Hyprctl, Wlrctl)
2026/01/08 17:15:45 logger.go:37: WARN: Failed to get active window on Wayland: no suitable tool found (Hyprctl, Wlrctl)
2026/01/08 17:15:48 logger.go:29: INFO: CUSTOM THEME DISABLED
2026/01/08 18:12:26 logger.go:29: INFO: CUSTOM THEME DISABLED
2026/01/08 18:12:26 logger.go:29: INFO: CUSTOM THEME DISABLED
2026/01/08 18:12:34 logger.go:29: INFO: CUSTOM THEME DISABLED
2026/01/08 18:14:04 logger.go:29: INFO: CUSTOM THEME DISABLED
2026/01/08 18:14:04 logger.go:29: INFO: CUSTOM THEME DISABLED
2026/01/08 18:14:04 logger.go:29: INFO: CUSTOM THEME DISABLED
2026/01/08 18:14:04 logger.go:29: INFO: CUSTOM THEME DISABLED
2026/01/08 18:14:10 logger.go:29: INFO: CUSTOM THEME DISABLED
2026/01/08 18:14:10 logger.go:29: INFO: CUSTOM THEME DISABLED
2026/01/08 18:14:10 logger.go:29: INFO: CUSTOM THEME DISABLED
2026/01/08 18:42:05 logger.go:29: INFO: CUSTOM THEME DISABLED
2026/01/08 19:26:21 logger.go:29: INFO: CUSTOM THEME DISABLED
2026/01/08 19:26:21 logger.go:29: INFO: CUSTOM THEME DISABLED
2026/01/09 12:58:09 logger.go:29: INFO: CUSTOM THEME DISABLED
2026/01/09 13:45:11 logger.go:29: INFO: CUSTOM THEME DISABLED
2026/01/09 13:45:11 logger.go:29: INFO: CUSTOM THEME DISABLED
2026/01/09 13:45:11 logger.go:29: INFO: CUSTOM THEME DISABLED
2026/01/09 13:45:14 logger.go:29: INFO: CUSTOM THEME DISABLED
2026/01/09 13:45:14 logger.go:29: INFO: CUSTOM THEME DISABLED
2026/01/09 13:45:14 logger.go:29: INFO: CUSTOM THEME DISABLED
2026/01/09 13:50:09 logger.go:29: INFO: CUSTOM THEME DISABLED
2026/01/09 15:35:27 logger.go:29: INFO: CUSTOM THEME DISABLED
2026/01/09 15:35:27 logger.go:29: INFO: CUSTOM THEME DISABLED
2026/01/09 15:37:16 logger.go:29: INFO: CUSTOM THEME DISABLED
2026/01/09 15:37:17 logger.go:29: INFO: CUSTOM THEME DISABLED
2026/01/09 15:37:17 logger.go:29: INFO: CUSTOM THEME DISABLED
2026/01/09 15:37:52 logger.go:29: INFO: CUSTOM THEME DISABLED
2026/01/09 15:37:52 logger.go:29: INFO: CUSTOM THEME DISABLED
2026/01/09 17:00:46 logger.go:29: INFO: CUSTOM THEME DISABLED
2026/01/09 18:15:41 logger.go:29: INFO: CUSTOM THEME DISABLED
2026/01/09 19:51:48 logger.go:29: INFO: CUSTOM THEME DISABLED
2026/01/09 19:51:48 logger.go:29: INFO: CUSTOM THEME DISABLED
2026/01/09 19:51:49 logger.go:29: INFO: CUSTOM THEME DISABLED
2026/01/09 19:51:49 logger.go:29: INFO: CUSTOM THEME DISABLED
2026/01/09 19:51:49 logger.go:29: INFO: CUSTOM THEME DISABLED
2026/01/09 19:51:49 logger.go:29: INFO: CUSTOM THEME DISABLED
2026/01/09 20:00:36 logger.go:29: INFO: CUSTOM THEME DISABLED
2026/01/09 21:18:51 logger.go:29: INFO: CUSTOM THEME DISABLED
2026/01/09 21:18:51 logger.go:29: INFO: CUSTOM THEME DISABLED
2026/01/09 23:56:23 logger.go:29: INFO: CUSTOM THEME DISABLED
2026/01/09 23:56:40 logger.go:29: INFO: CUSTOM THEME DISABLED
2026/01/09 23:56:43 logger.go:29: INFO: CUSTOM THEME DISABLED
2026/01/09 23:57:42 logger.go:29: INFO: CUSTOM THEME DISABLED
2026/01/10 12:57:12 logger.go:29: INFO: CUSTOM THEME DISABLED
2026/01/10 13:27:42 logger.go:29: INFO: CUSTOM THEME DISABLED
2026/01/10 13:27:42 logger.go:29: INFO: CUSTOM THEME DISABLED
2026/01/10 13:27:42 logger.go:29: INFO: CUSTOM THEME DISABLED
2026/01/10 13:27:43 logger.go:37: WARN: Failed to get active window on Wayland: no suitable tool found (Hyprctl, Wlrctl)
2026/01/10 13:27:43 logger.go:37: WARN: Failed to get active window on Wayland: no suitable tool found (Hyprctl, Wlrctl)
2026/01/10 13:53:14 logger.go:29: INFO: CUSTOM THEME DISABLED
2026/01/10 14:00:48 logger.go:29: INFO: CUSTOM THEME DISABLED
2026/01/10 16:12:18 logger.go:29: INFO: CUSTOM THEME DISABLED
2026/01/10 16:12:32 logger.go:29: INFO: CUSTOM THEME DISABLED
2026/01/10 16:12:32 logger.go:29: INFO: CUSTOM THEME DISABLED
2026/01/10 22:44:53 logger.go:29: INFO: CUSTOM THEME DISABLED
2026/01/10 22:44:53 logger.go:29: INFO: CUSTOM THEME DISABLED
2026/01/10 22:49:49 logger.go:29: INFO: CUSTOM THEME DISABLED
2026/01/10 22:49:49 logger.go:29: INFO: CUSTOM THEME DISABLED
2026/01/10 22:49:49 logger.go:29: INFO: CUSTOM THEME DISABLED
2026/01/10 22:49:49 logger.go:29: INFO: CUSTOM THEME DISABLED
2026/01/10 23:59:37 logger.go:29: INFO: CUSTOM THEME DISABLED
2026/01/10 23:59:37 logger.go:29: INFO: CUSTOM THEME DISABLED
2026/01/10 23:59:37 logger.go:29: INFO: CUSTOM THEME DISABLED
2026/01/10 23:59:37 logger.go:29: INFO: CUSTOM THEME DISABLED
2026/01/11 00:00:16 logger.go:29: INFO: CUSTOM THEME DISABLED
2026/01/11 00:00:16 logger.go:29: INFO: CUSTOM THEME DISABLED
2026/01/11 00:00:17 logger.go:29: INFO: CUSTOM THEME DISABLED
2026/01/11 00:00:17 logger.go:29: INFO: CUSTOM THEME DISABLED
2026/01/11 00:00:48 logger.go:29: INFO: CUSTOM THEME DISABLED
2026/01/11 00:00:48 logger.go:29: INFO: CUSTOM THEME DISABLED
2026/01/11 00:00:48 logger.go:29: INFO: CUSTOM THEME DISABLED
2026/01/11 00:00:48 logger.go:29: INFO: CUSTOM THEME DISABLED
2026/01/11 00:01:00 logger.go:29: INFO: CUSTOM THEME DISABLED
2026/01/11 00:01:00 logger.go:29: INFO: CUSTOM THEME DISABLED
2026/01/11 00:01:00 logger.go:29: INFO: CUSTOM THEME DISABLED
2026/01/11 00:01:00 logger.go:29: INFO: CUSTOM THEME DISABLED
2026/01/11 00:15:04 logger.go:29: INFO: CUSTOM THEME DISABLED
2026/01/11 00:15:04 logger.go:29: INFO: CUSTOM THEME DISABLED
2026/01/11 00:15:04 logger.go:29: INFO: CUSTOM THEME DISABLED
2026/01/11 00:15:04 logger.go:29: INFO: CUSTOM THEME DISABLED
2026/01/11 00:18:39 logger.go:29: INFO: CUSTOM THEME DISABLED
2026/01/11 00:18:39 logger.go:29: INFO: CUSTOM THEME DISABLED
2026/01/11 00:18:39 logger.go:29: INFO: CUSTOM THEME DISABLED
2026/01/11 00:18:39 logger.go:29: INFO: CUSTOM THEME DISABLED
2026/01/11 00:20:20 logger.go:29: INFO: CUSTOM THEME DISABLED
2026/01/11 00:20:20 logger.go:29: INFO: CUSTOM THEME DISABLED
2026/01/11 00:20:20 logger.go:29: INFO: CUSTOM THEME DISABLED
2026/01/11 00:20:20 logger.go:29: INFO: CUSTOM THEME DISABLED
2026/01/11 00:34:54 logger.go:29: INFO: CUSTOM THEME DISABLED
2026/01/11 00:34:54 logger.go:29: INFO: CUSTOM THEME DISABLED
2026/01/11 00:34:54 logger.go:29: INFO: CUSTOM THEME DISABLED
2026/01/11 00:34:54 logger.go:29: INFO: CUSTOM THEME DISABLED
2026/01/11 15:22:31 logger.go:29: INFO: CUSTOM THEME DISABLED
2026/01/11 17:41:29 logger.go:29: INFO: CUSTOM THEME DISABLED
2026/01/11 17:41:38 logger.go:29: INFO: CUSTOM THEME DISABLED
2026/01/11 18:00:35 logger.go:29: INFO: CUSTOM THEME DISABLED
2026/01/11 18:00:56 logger.go:29: INFO: CUSTOM THEME DISABLED
2026/01/11 18:01:12 logger.go:29: INFO: CUSTOM THEME DISABLED
2026/01/11 18:01:12 logger.go:29: INFO: CUSTOM THEME DISABLED
2026/01/11 18:01:12 logger.go:29: INFO: CUSTOM THEME DISABLED
2026/01/11 21:37:08 logger.go:29: INFO: CUSTOM THEME DISABLED
2026/01/12 01:18:22 logger.go:29: INFO: CUSTOM THEME DISABLED
2026/01/12 09:30:09 logger.go:29: INFO: CUSTOM THEME DISABLED
2026/01/12 09:30:10 logger.go:29: INFO: CUSTOM THEME DISABLED
2026/01/12 09:30:10 logger.go:29: INFO: CUSTOM THEME DISABLED
2026/01/12 09:30:10 logger.go:37: WARN: Failed to get active window on Wayland: no suitable tool found (Hyprctl, Wlrctl)
2026/01/12 09:30:10 logger.go:37: WARN: Failed to get active window on Wayland: no suitable tool found (Hyprctl, Wlrctl)
2026/01/12 09:38:55 logger.go:29: INFO: CUSTOM THEME DISABLED
2026/01/12 09:38:55 logger.go:29: INFO: CUSTOM THEME DISABLED
2026/01/12 10:39:54 logger.go:29: INFO: CUSTOM THEME DISABLED
2026/01/12 10:40:02 logger.go:29: INFO: CUSTOM THEME DISABLED
2026/01/12 10:40:02 logger.go:29: INFO: CUSTOM THEME DISABLED
2026/01/12 10:40:02 logger.go:29: INFO: CUSTOM THEME DISABLED
2026/01/12 10:41:37 logger.go:29: INFO: CUSTOM THEME DISABLED
2026/01/12 10:41:37 logger.go:29: INFO: CUSTOM THEME DISABLED
2026/01/12 10:41:37 logger.go:29: INFO: CUSTOM THEME DISABLED
2026/01/12 10:48:23 logger.go:29: INFO: CUSTOM THEME DISABLED
2026/01/12 10:48:26 logger.go:29: INFO: CUSTOM THEME DISABLED
2026/01/12 10:48:26 logger.go:29: INFO: CUSTOM THEME DISABLED
2026/01/12 11:03:09 logger.go:29: INFO: CUSTOM THEME DISABLED
2026/01/12 11:03:09 logger.go:29: INFO: CUSTOM THEME DISABLED
2026/01/12 15:13:09 logger.go:29: INFO: CUSTOM THEME DISABLED
2026/01/12 15:40:59 logger.go:29: INFO: CUSTOM THEME DISABLED
2026/01/12 15:40:59 logger.go:29: INFO: CUSTOM THEME DISABLED
2026/01/12 16:08:51 logger.go:29: INFO: CUSTOM THEME DISABLED
2026/01/12 16:13:12 logger.go:29: INFO: CUSTOM THEME DISABLED
2026/01/12 16:13:23 logger.go:29: INFO: CUSTOM THEME DISABLED
2026/01/12 17:22:49 logger.go:29: INFO: CUSTOM THEME DISABLED
2026/01/12 20:28:48 logger.go:29: INFO: CUSTOM THEME DISABLED
2026/01/13 00:27:55 logger.go:29: INFO: CUSTOM THEME DISABLED
2026/01/13 00:27:55 logger.go:29: INFO: CUSTOM THEME DISABLED
2026/01/13 13:28:01 logger.go:29: INFO: CUSTOM THEME DISABLED
2026/01/13 13:28:30 logger.go:29: INFO: CUSTOM THEME DISABLED
2026/01/13 18:18:06 logger.go:29: INFO: CUSTOM THEME DISABLED
2026/01/13 18:18:06 logger.go:29: INFO: CUSTOM THEME DISABLED
2026/01/13 18:18:06 logger.go:29: INFO: CUSTOM THEME DISABLED
2026/01/13 18:18:06 logger.go:29: INFO: CUSTOM THEME DISABLED
2026/01/13 18:29:02 logger.go:29: INFO: CUSTOM THEME DISABLED
2026/01/13 18:29:02 logger.go:29: INFO: CUSTOM THEME DISABLED
2026/01/13 18:29:02 logger.go:29: INFO: CUSTOM THEME DISABLED
2026/01/13 18:29:02 logger.go:29: INFO: CUSTOM THEME DISABLED
2026/01/13 18:29:02 logger.go:29: INFO: CUSTOM THEME DISABLED
2026/01/13 18:29:03 logger.go:29: INFO: CUSTOM THEME DISABLED
2026/01/13 22:13:38 logger.go:29: INFO: CUSTOM THEME DISABLED
2026/01/13 22:13:38 logger.go:29: INFO: CUSTOM THEME DISABLED
2026/01/13 22:13:38 logger.go:29: INFO: CUSTOM THEME DISABLED
2026/01/13 22:13:38 logger.go:29: INFO: CUSTOM THEME DISABLED
2026/01/14 12:40:41 logger.go:29: INFO: CUSTOM THEME DISABLED
2026/01/14 12:40:41 logger.go:29: INFO: CUSTOM THEME DISABLED
2026/01/14 12:40:41 logger.go:29: INFO: CUSTOM THEME DISABLED
2026/01/14 12:40:41 logger.go:29: INFO: CUSTOM THEME DISABLED
2026/01/14 14:15:44 logger.go:29: INFO: CUSTOM THEME DISABLED
2026/01/14 23:23:46 logger.go:29: INFO: CUSTOM THEME DISABLED
2026/01/14 23:23:46 logger.go:29: INFO: CUSTOM THEME DISABLED
2026/01/15 09:58:02 logger.go:29: INFO: CUSTOM THEME DISABLED
2026/01/15 09:58:02 logger.go:29: INFO: CUSTOM THEME DISABLED
2026/01/15 09:58:03 logger.go:37: WARN: Failed to get active window on Wayland: no suitable tool found (Hyprctl, Wlrctl)
2026/01/15 09:58:03 logger.go:37: WARN: Failed to get active window on Wayland: no suitable tool found (Hyprctl, Wlrctl)
2026/01/15 10:00:14 logger.go:29: INFO: CUSTOM THEME DISABLED
2026/01/15 10:00:15 logger.go:29: INFO: CUSTOM THEME DISABLED
2026/01/15 10:00:15 logger.go:29: INFO: CUSTOM THEME DISABLED
2026/01/15 10:00:15 logger.go:37: WARN: Failed to get active window on Wayland: no suitable tool found (Hyprctl, Wlrctl)
2026/01/15 10:00:15 logger.go:37: WARN: Failed to get active window on Wayland: no suitable tool found (Hyprctl, Wlrctl)
2026/01/15 12:12:45 logger.go:29: INFO: CUSTOM THEME DISABLED
2026/01/15 12:12:45 logger.go:29: INFO: CUSTOM THEME DISABLED
2026/01/15 14:00:08 logger.go:29: INFO: CUSTOM THEME DISABLED
2026/01/15 15:24:58 logger.go:29: INFO: CUSTOM THEME DISABLED
2026/01/15 15:24:58 logger.go:29: INFO: CUSTOM THEME DISABLED
2026/01/15 15:24:58 logger.go:29: INFO: CUSTOM THEME DISABLED
2026/01/15 15:24:58 logger.go:29: INFO: CUSTOM THEME DISABLED
2026/01/15 15:28:13 logger.go:29: INFO: CUSTOM THEME DISABLED
2026/01/15 15:28:13 logger.go:29: INFO: CUSTOM THEME DISABLED
2026/01/15 15:28:13 logger.go:29: INFO: CUSTOM THEME DISABLED
2026/01/15 15:28:13 logger.go:29: INFO: CUSTOM THEME DISABLED
2026/01/15 15:28:13 logger.go:29: INFO: CUSTOM THEME DISABLED
2026/01/15 15:28:13 logger.go:29: INFO: CUSTOM THEME DISABLED
2026/01/15 15:51:42 logger.go:29: INFO: CUSTOM THEME DISABLED
2026/01/15 15:51:42 logger.go:29: INFO: CUSTOM THEME DISABLED
2026/01/15 15:51:42 logger.go:29: INFO: CUSTOM THEME DISABLED
2026/01/15 15:51:42 logger.go:29: INFO: CUSTOM THEME DISABLED
2026/01/15 15:52:40 logger.go:29: INFO: CUSTOM THEME DISABLED
2026/01/15 15:52:40 logger.go:29: INFO: CUSTOM THEME DISABLED
2026/01/15 15:52:47 logger.go:29: INFO: CUSTOM THEME DISABLED
2026/01/15 15:52:47 logger.go:29: INFO: CUSTOM THEME DISABLED
2026/01/15 15:59:56 logger.go:29: INFO: CUSTOM THEME DISABLED
2026/01/15 16:01:37 logger.go:29: INFO: CUSTOM THEME DISABLED
2026/01/15 16:03:00 logger.go:29: INFO: CUSTOM THEME DISABLED
2026/01/15 16:33:39 logger.go:29: INFO: CUSTOM THEME DISABLED
2026/01/15 16:33:39 logger.go:29: INFO: CUSTOM THEME DISABLED
2026/01/15 16:33:39 logger.go:29: INFO: CUSTOM THEME DISABLED
2026/01/15 16:33:39 logger.go:37: WARN: Failed to get active window on Wayland: no suitable tool found (Hyprctl, Wlrctl)
2026/01/15 16:33:39 logger.go:37: WARN: Failed to get active window on Wayland: no suitable tool found (Hyprctl, Wlrctl)
2026/01/15 16:50:30 logger.go:29: INFO: CUSTOM THEME DISABLED
2026/01/15 16:50:30 logger.go:29: INFO: CUSTOM THEME DISABLED
2026/01/15 16:53:44 logger.go:29: INFO: CUSTOM THEME DISABLED
2026/01/15 16:53:44 logger.go:29: INFO: CUSTOM THEME DISABLED
2026/01/15 16:53:44 logger.go:29: INFO: CUSTOM THEME DISABLED
2026/01/15 16:53:44 logger.go:29: INFO: CUSTOM THEME DISABLED
2026/01/15 17:07:14 logger.go:29: INFO: CUSTOM THEME DISABLED
2026/01/15 17:07:14 logger.go:29: INFO: CUSTOM THEME DISABLED
2026/01/15 17:07:14 logger.go:29: INFO: CUSTOM THEME DISABLED
2026/01/15 17:07:14 logger.go:29: INFO: CUSTOM THEME DISABLED
2026/01/15 17:21:04 logger.go:29: INFO: CUSTOM THEME DISABLED
2026/01/15 17:25:45 logger.go:29: INFO: CUSTOM THEME DISABLED
2026/01/15 17:25:45 logger.go:29: INFO: CUSTOM THEME DISABLED
2026/01/15 17:53:23 logger.go:29: INFO: CUSTOM THEME DISABLED
2026/01/15 17:53:23 logger.go:37: WARN: Failed to get active window on Wayland: no suitable tool found (Hyprctl, Wlrctl)
2026/01/15 17:54:54 logger.go:29: INFO: CUSTOM THEME DISABLED
2026/01/15 17:54:54 logger.go:37: WARN: Failed to get active window on Wayland: no suitable tool found (Hyprctl, Wlrctl)
2026/01/15 17:55:00 logger.go:29: INFO: CUSTOM THEME DISABLED
2026/01/15 17:55:00 logger.go:37: WARN: Failed to get active window on Wayland: no suitable tool found (Hyprctl, Wlrctl)
2026/01/15 18:25:37 logger.go:29: INFO: CUSTOM THEME DISABLED
2026/01/15 18:27:56 logger.go:29: INFO: CUSTOM THEME DISABLED
2026/01/15 18:27:56 logger.go:29: INFO: CUSTOM THEME DISABLED
2026/01/15 19:01:19 logger.go:29: INFO: CUSTOM THEME DISABLED
2026/01/15 19:01:19 logger.go:29: INFO: CUSTOM THEME DISABLED
2026/01/15 20:08:58 logger.go:29: INFO: CUSTOM THEME DISABLED
2026/01/15 20:08:58 logger.go:29: INFO: CUSTOM THEME DISABLED
2026/01/15 20:08:58 logger.go:29: INFO: CUSTOM THEME DISABLED
2026/01/15 20:08:58 logger.go:29: INFO: CUSTOM THEME DISABLED
2026/01/15 22:25:43 logger.go:29: INFO: CUSTOM THEME DISABLED
2026/01/15 22:25:44 logger.go:29: INFO: CUSTOM THEME DISABLED
2026/01/15 22:25:44 logger.go:29: INFO: CUSTOM THEME DISABLED
2026/01/15 22:25:44 logger.go:37: WARN: Failed to get active window on Wayland: no suitable tool found (Hyprctl, Wlrctl)
2026/01/15 22:25:44 logger.go:37: WARN: Failed to get active window on Wayland: no suitable tool found (Hyprctl, Wlrctl)
2026/01/15 22:29:20 logger.go:29: INFO: CUSTOM THEME DISABLED
2026/01/15 22:29:52 logger.go:29: INFO: CUSTOM THEME DISABLED
2026/01/15 22:29:52 logger.go:29: INFO: CUSTOM THEME DISABLED
2026/01/15 22:29:52 logger.go:37: WARN: Failed to get active window on Wayland: no suitable tool found (Hyprctl, Wlrctl)
2026/01/15 22:29:52 logger.go:37: WARN: Failed to get active window on Wayland: no suitable tool found (Hyprctl, Wlrctl)
2026/01/15 22:30:09 logger.go:29: INFO: CUSTOM THEME DISABLED
2026/01/15 22:30:09 logger.go:29: INFO: CUSTOM THEME DISABLED
2026/01/15 22:33:00 logger.go:29: INFO: CUSTOM THEME DISABLED
2026/01/15 22:33:39 logger.go:29: INFO: CUSTOM THEME DISABLED
2026/01/15 22:37:23 logger.go:29: INFO: CUSTOM THEME DISABLED
2026/01/16 01:53:44 logger.go:29: INFO: CUSTOM THEME DISABLED
2026/01/16 01:53:44 logger.go:29: INFO: CUSTOM THEME DISABLED
2026/01/16 01:53:44 logger.go:37: WARN: Failed to get active window on Wayland: no suitable tool found (Hyprctl, Wlrctl)
2026/01/16 01:53:44 logger.go:37: WARN: Failed to get active window on Wayland: no suitable tool found (Hyprctl, Wlrctl)
2026/01/16 09:43:31 logger.go:29: INFO: CUSTOM THEME DISABLED
2026/01/16 09:43:31 logger.go:29: INFO: CUSTOM THEME DISABLED
2026/01/16 09:43:31 logger.go:29: INFO: CUSTOM THEME DISABLED
2026/01/16 09:43:31 logger.go:37: WARN: Failed to get active window on Wayland: no suitable tool found (Hyprctl, Wlrctl)
2026/01/16 09:43:31 logger.go:37: WARN: Failed to get active window on Wayland: no suitable tool found (Hyprctl, Wlrctl)
2026/01/16 10:05:14 logger.go:29: INFO: CUSTOM THEME DISABLED
2026/01/16 10:05:14 logger.go:29: INFO: CUSTOM THEME DISABLED
2026/01/16 11:17:39 logger.go:29: INFO: CUSTOM THEME DISABLED
2026/01/16 11:17:39 logger.go:29: INFO: CUSTOM THEME DISABLED
2026/01/16 11:17:39 logger.go:29: INFO: CUSTOM THEME DISABLED
2026/01/16 11:17:39 logger.go:29: INFO: CUSTOM THEME DISABLED
2026/01/16 12:56:38 logger.go:29: INFO: CUSTOM THEME DISABLED
2026/01/16 12:56:38 logger.go:29: INFO: CUSTOM THEME DISABLED
2026/01/16 12:56:38 logger.go:29: INFO: CUSTOM THEME DISABLED
2026/01/16 12:56:38 logger.go:29: INFO: CUSTOM THEME DISABLED
2026/01/16 14:52:23 logger.go:29: INFO: CUSTOM THEME DISABLED
2026/01/16 14:52:23 logger.go:29: INFO: CUSTOM THEME DISABLED
2026/01/16 14:52:23 logger.go:37: WARN: Failed to get active window on Wayland: no suitable tool found (Hyprctl, Wlrctl)
2026/01/16 14:52:23 logger.go:37: WARN: Failed to get active window on Wayland: no suitable tool found (Hyprctl, Wlrctl)
2026/01/16 14:54:49 logger.go:29: INFO: CUSTOM THEME DISABLED
2026/01/16 15:44:31 logger.go:29: INFO: CUSTOM THEME DISABLED
2026/01/16 15:44:31 logger.go:29: INFO: CUSTOM THEME DISABLED
2026/01/16 15:44:31 logger.go:29: INFO: CUSTOM THEME DISABLED
2026/01/16 15:44:31 logger.go:29: INFO: CUSTOM THEME DISABLED
2026/01/16 15:46:38 logger.go:29: INFO: CUSTOM THEME DISABLED
2026/01/16 17:26:30 logger.go:29: INFO: CUSTOM THEME DISABLED
2026/01/16 17:26:30 logger.go:29: INFO: CUSTOM THEME DISABLED
2026/01/16 17:26:30 logger.go:37: WARN: Failed to get active window on Wayland: no suitable tool found (Hyprctl, Wlrctl)
2026/01/16 17:26:30 logger.go:37: WARN: Failed to get active window on Wayland: no suitable tool found (Hyprctl, Wlrctl)
2026/01/16 18:46:41 logger.go:29: INFO: CUSTOM THEME DISABLED
2026/01/16 18:46:41 logger.go:29: INFO: CUSTOM THEME DISABLED
2026/01/16 19:02:00 logger.go:29: INFO: CUSTOM THEME DISABLED
2026/01/16 19:03:23 logger.go:29: INFO: CUSTOM THEME DISABLED
2026/01/16 19:03:30 logger.go:29: INFO: CUSTOM THEME DISABLED
2026/01/16 19:03:34 logger.go:29: INFO: CUSTOM THEME DISABLED
2026/01/16 19:03:34 logger.go:29: INFO: CUSTOM THEME DISABLED
2026/01/16 19:03:34 logger.go:37: WARN: Failed to get active window on Wayland: no suitable tool found (Hyprctl, Wlrctl)
2026/01/16 19:03:34 logger.go:37: WARN: Failed to get active window on Wayland: no suitable tool found (Hyprctl, Wlrctl)
2026/01/16 23:06:14 logger.go:29: INFO: CUSTOM THEME DISABLED
2026/01/17 00:45:18 logger.go:29: INFO: CUSTOM THEME DISABLED
2026/01/17 00:47:26 logger.go:29: INFO: CUSTOM THEME DISABLED
2026/01/17 00:47:26 logger.go:29: INFO: CUSTOM THEME DISABLED
2026/01/17 12:18:00 logger.go:29: INFO: CUSTOM THEME DISABLED
2026/01/17 14:38:52 logger.go:29: INFO: CUSTOM THEME DISABLED
2026/01/17 14:46:05 logger.go:29: INFO: CUSTOM THEME DISABLED
2026/01/17 15:20:23 logger.go:29: INFO: CUSTOM THEME DISABLED
2026/01/17 15:20:23 logger.go:29: INFO: CUSTOM THEME DISABLED
2026/01/17 15:20:23 logger.go:29: INFO: CUSTOM THEME DISABLED
2026/01/17 15:20:24 logger.go:29: INFO: CUSTOM THEME DISABLED
2026/01/17 15:28:27 logger.go:29: INFO: CUSTOM THEME DISABLED
2026/01/17 15:28:27 logger.go:29: INFO: CUSTOM THEME DISABLED
2026/01/17 15:43:39 logger.go:29: INFO: CUSTOM THEME DISABLED
2026/01/17 15:43:51 logger.go:29: INFO: CUSTOM THEME DISABLED
2026/01/17 15:43:51 logger.go:29: INFO: CUSTOM THEME DISABLED
2026/01/17 15:45:39 logger.go:29: INFO: CUSTOM THEME DISABLED
2026/01/17 15:45:39 logger.go:29: INFO: CUSTOM THEME DISABLED
2026/01/17 15:45:39 logger.go:29: INFO: CUSTOM THEME DISABLED
2026/01/17 15:45:46 logger.go:29: INFO: CUSTOM THEME DISABLED
2026/01/17 15:45:46 logger.go:29: INFO: CUSTOM THEME DISABLED
2026/01/17 15:49:26 logger.go:29: INFO: CUSTOM THEME DISABLED
2026/01/17 15:49:26 logger.go:29: INFO: CUSTOM THEME DISABLED
2026/01/17 15:53:52 logger.go:29: INFO: CUSTOM THEME DISABLED
2026/01/17 15:53:52 logger.go:29: INFO: CUSTOM THEME DISABLED
2026/01/17 15:53:52 logger.go:29: INFO: CUSTOM THEME DISABLED
2026/01/17 15:53:52 logger.go:29: INFO: CUSTOM THEME DISABLED
2026/01/17 16:10:17 logger.go:29: INFO: CUSTOM THEME DISABLED
2026/01/17 16:10:18 logger.go:29: INFO: CUSTOM THEME DISABLED
2026/01/17 16:10:18 logger.go:29: INFO: CUSTOM THEME DISABLED
2026/01/17 16:10:18 logger.go:29: INFO: CUSTOM THEME DISABLED
2026/01/17 16:10:25 logger.go:29: INFO: CUSTOM THEME DISABLED
2026/01/17 16:10:25 logger.go:29: INFO: CUSTOM THEME DISABLED
2026/01/17 16:10:25 logger.go:29: INFO: CUSTOM THEME DISABLED
2026/01/17 18:03:18 logger.go:29: INFO: CUSTOM THEME DISABLED
2026/01/17 18:03:18 logger.go:29: INFO: CUSTOM THEME DISABLED
2026/01/17 21:39:47 logger.go:29: INFO: CUSTOM THEME DISABLED
2026/01/17 21:39:47 logger.go:29: INFO: CUSTOM THEME DISABLED
2026/01/17 21:39:47 logger.go:29: INFO: CUSTOM THEME DISABLED
2026/01/17 21:39:47 logger.go:29: INFO: CUSTOM THEME DISABLED
2026/01/17 21:39:54 logger.go:29: INFO: CUSTOM THEME DISABLED
2026/01/17 21:43:07 logger.go:29: INFO: CUSTOM THEME DISABLED
2026/01/17 21:43:07 logger.go:29: INFO: CUSTOM THEME DISABLED
2026/01/17 21:43:07 logger.go:29: INFO: CUSTOM THEME DISABLED
2026/01/17 21:43:07 logger.go:29: INFO: CUSTOM THEME DISABLED
2026/01/17 21:43:42 logger.go:29: INFO: CUSTOM THEME DISABLED
2026/01/17 21:43:42 logger.go:29: INFO: CUSTOM THEME DISABLED
2026/01/17 21:43:42 logger.go:29: INFO: CUSTOM THEME DISABLED
2026/01/17 21:44:07 logger.go:29: INFO: CUSTOM THEME DISABLED
2026/01/17 21:44:07 logger.go:29: INFO: CUSTOM THEME DISABLED
2026/01/17 21:50:24 logger.go:29: INFO: CUSTOM THEME DISABLED
2026/01/17 21:50:28 logger.go:29: INFO: CUSTOM THEME DISABLED
2026/01/17 21:50:31 logger.go:29: INFO: CUSTOM THEME DISABLED
2026/01/17 21:50:33 logger.go:29: INFO: CUSTOM THEME DISABLED
2026/01/17 21:50:33 logger.go:29: INFO: CUSTOM THEME DISABLED
2026/01/17 21:50:33 logger.go:29: INFO: CUSTOM THEME DISABLED
2026/01/17 21:50:34 logger.go:29: INFO: CUSTOM THEME DISABLED
2026/01/17 21:50:38 logger.go:29: INFO: CUSTOM THEME DISABLED
2026/01/17 21:50:38 logger.go:29: INFO: CUSTOM THEME DISABLED
2026/01/17 23:24:21 logger.go:29: INFO: CUSTOM THEME DISABLED
2026/01/17 23:24:21 logger.go:29: INFO: CUSTOM THEME DISABLED
2026/01/17 23:24:21 logger.go:29: INFO: CUSTOM THEME DISABLED
2026/01/17 23:24:21 logger.go:29: INFO: CUSTOM THEME DISABLED
2026/01/17 23:36:24 logger.go:29: INFO: CUSTOM THEME DISABLED
2026/01/17 23:36:24 logger.go:29: INFO: CUSTOM THEME DISABLED
2026/01/17 23:36:24 logger.go:29: INFO: CUSTOM THEME DISABLED
2026/01/17 23:36:24 logger.go:29: INFO: CUSTOM THEME DISABLED
2026/01/17 23:36:26 logger.go:29: INFO: CUSTOM THEME DISABLED
2026/01/17 23:36:26 logger.go:29: INFO: CUSTOM THEME DISABLED
2026/01/17 23:36:26 logger.go:29: INFO: CUSTOM THEME DISABLED
2026/01/18 13:05:59 logger.go:29: INFO: CUSTOM THEME DISABLED
2026/01/18 13:05:59 logger.go:29: INFO: CUSTOM THEME DISABLED
2026/01/18 13:05:59 logger.go:29: INFO: CUSTOM THEME DISABLED
2026/01/18 13:05:59 logger.go:37: WARN: Failed to get active window on Wayland: no suitable tool found (Hyprctl, Wlrctl)
2026/01/18 13:05:59 logger.go:37: WARN: Failed to get active window on Wayland: no suitable tool found (Hyprctl, Wlrctl)
2026/01/18 14:21:34 logger.go:29: INFO: CUSTOM THEME DISABLED
2026/01/18 14:21:34 logger.go:29: INFO: CUSTOM THEME DISABLED
2026/01/18 14:21:34 logger.go:29: INFO: CUSTOM THEME DISABLED
2026/01/18 14:21:34 logger.go:37: WARN: Failed to get active window on Wayland: no suitable tool found (Hyprctl, Wlrctl)
2026/01/18 14:21:34 logger.go:37: WARN: Failed to get active window on Wayland: no suitable tool found (Hyprctl, Wlrctl)
2026/01/19 09:34:30 logger.go:29: INFO: CUSTOM THEME DISABLED
2026/01/19 09:34:31 logger.go:29: INFO: CUSTOM THEME DISABLED
2026/01/19 09:34:31 logger.go:29: INFO: CUSTOM THEME DISABLED
2026/01/19 09:34:31 logger.go:37: WARN: Failed to get active window on Wayland: no suitable tool found (Hyprctl, Wlrctl)
2026/01/19 09:34:31 logger.go:37: WARN: Failed to get active window on Wayland: no suitable tool found (Hyprctl, Wlrctl)
2026/01/19 11:46:36 logger.go:29: INFO: CUSTOM THEME DISABLED
2026/01/19 11:46:36 logger.go:29: INFO: CUSTOM THEME DISABLED
2026/01/19 11:47:51 logger.go:29: INFO: CUSTOM THEME DISABLED
2026/01/19 11:47:51 logger.go:29: INFO: CUSTOM THEME DISABLED
2026/01/19 11:47:51 logger.go:29: INFO: CUSTOM THEME DISABLED
2026/01/19 11:47:51 logger.go:29: INFO: CUSTOM THEME DISABLED
2026/01/19 12:42:50 logger.go:29: INFO: CUSTOM THEME DISABLED
2026/01/19 12:42:50 logger.go:29: INFO: CUSTOM THEME DISABLED
2026/01/19 12:42:50 logger.go:29: INFO: CUSTOM THEME DISABLED
2026/01/19 12:42:50 logger.go:29: INFO: CUSTOM THEME DISABLED
2026/01/19 12:42:52 logger.go:29: INFO: CUSTOM THEME DISABLED
2026/01/19 12:42:52 logger.go:29: INFO: CUSTOM THEME DISABLED
2026/01/19 12:42:52 logger.go:29: INFO: CUSTOM THEME DISABLED
2026/01/19 12:42:52 logger.go:29: INFO: CUSTOM THEME DISABLED
2026/01/19 12:43:22 logger.go:29: INFO: CUSTOM THEME DISABLED
2026/01/19 12:43:22 logger.go:29: INFO: CUSTOM THEME DISABLED
2026/01/19 12:43:22 logger.go:29: INFO: CUSTOM THEME DISABLED
2026/01/19 12:43:22 logger.go:29: INFO: CUSTOM THEME DISABLED
2026/01/19 15:53:37 logger.go:29: INFO: CUSTOM THEME DISABLED
2026/01/19 15:53:37 logger.go:29: INFO: CUSTOM THEME DISABLED
2026/01/19 15:53:37 logger.go:29: INFO: CUSTOM THEME DISABLED
2026/01/19 15:53:37 logger.go:29: INFO: CUSTOM THEME DISABLED
2026/01/19 16:42:18 logger.go:29: INFO: CUSTOM THEME DISABLED
2026/01/19 16:42:18 logger.go:29: INFO: CUSTOM THEME DISABLED
2026/01/19 16:42:18 logger.go:29: INFO: CUSTOM THEME DISABLED
2026/01/19 16:42:18 logger.go:29: INFO: CUSTOM THEME DISABLED
2026/01/19 17:01:57 logger.go:29: INFO: CUSTOM THEME DISABLED
2026/01/19 17:01:57 logger.go:29: INFO: CUSTOM THEME DISABLED
2026/01/19 17:01:57 logger.go:29: INFO: CUSTOM THEME DISABLED
2026/01/19 17:01:57 logger.go:29: INFO: CUSTOM THEME DISABLED
2026/01/19 17:02:22 logger.go:29: INFO: CUSTOM THEME DISABLED
2026/01/19 17:02:22 logger.go:29: INFO: CUSTOM THEME DISABLED
2026/01/19 17:02:22 logger.go:29: INFO: CUSTOM THEME DISABLED
2026/01/19 17:02:22 logger.go:29: INFO: CUSTOM THEME DISABLED
2026/01/19 17:02:34 logger.go:29: INFO: CUSTOM THEME DISABLED
2026/01/19 17:02:34 logger.go:29: INFO: CUSTOM THEME DISABLED
2026/01/19 17:02:34 logger.go:29: INFO: CUSTOM THEME DISABLED
2026/01/19 17:47:55 logger.go:29: INFO: CUSTOM THEME DISABLED
2026/01/19 17:47:55 logger.go:29: INFO: CUSTOM THEME DISABLED
2026/01/19 21:52:54 logger.go:29: INFO: CUSTOM THEME DISABLED
2026/01/19 21:52:54 logger.go:29: INFO: CUSTOM THEME DISABLED
2026/01/19 21:52:54 logger.go:29: INFO: CUSTOM THEME DISABLED
2026/01/19 21:52:54 logger.go:29: INFO: CUSTOM THEME DISABLED
2026/01/19 21:52:55 logger.go:29: INFO: CUSTOM THEME DISABLED
2026/01/19 21:52:55 logger.go:29: INFO: CUSTOM THEME DISABLED
2026/01/19 22:18:14 logger.go:29: INFO: CUSTOM THEME DISABLED
2026/01/19 22:30:30 logger.go:29: INFO: CUSTOM THEME DISABLED
2026/01/19 23:15:24 logger.go:29: INFO: CUSTOM THEME DISABLED
2026/01/19 23:33:08 logger.go:29: INFO: CUSTOM THEME DISABLED
2026/01/19 23:33:08 logger.go:29: INFO: CUSTOM THEME DISABLED
2026/01/19 23:33:08 logger.go:29: INFO: CUSTOM THEME DISABLED
2026/01/19 23:33:09 logger.go:29: INFO: CUSTOM THEME DISABLED
2026/01/20 00:09:40 logger.go:29: INFO: CUSTOM THEME DISABLED
2026/01/20 00:09:40 logger.go:29: INFO: CUSTOM THEME DISABLED
2026/01/20 00:09:40 logger.go:29: INFO: CUSTOM THEME DISABLED
2026/01/20 00:09:40 logger.go:29: INFO: CUSTOM THEME DISABLED
2026/01/20 10:15:55 logger.go:29: INFO: CUSTOM THEME DISABLED
2026/01/20 11:18:13 logger.go:29: INFO: CUSTOM THEME DISABLED
2026/01/20 11:18:13 logger.go:29: INFO: CUSTOM THEME DISABLED
2026/01/20 11:33:44 logger.go:29: INFO: CUSTOM THEME DISABLED
2026/01/20 11:35:04 logger.go:29: INFO: CUSTOM THEME DISABLED
2026/01/20 11:35:04 logger.go:29: INFO: CUSTOM THEME DISABLED
2026/01/20 11:35:04 logger.go:29: INFO: CUSTOM THEME DISABLED
2026/01/20 11:45:09 logger.go:29: INFO: CUSTOM THEME DISABLED
2026/01/20 11:45:09 logger.go:29: INFO: CUSTOM THEME DISABLED
2026/01/20 11:45:09 logger.go:29: INFO: CUSTOM THEME DISABLED
2026/01/20 11:47:51 logger.go:29: INFO: CUSTOM THEME DISABLED
2026/01/20 11:47:51 logger.go:29: INFO: CUSTOM THEME DISABLED
2026/01/20 12:19:12 logger.go:29: INFO: CUSTOM THEME DISABLED
2026/01/20 12:19:12 logger.go:29: INFO: CUSTOM THEME DISABLED
2026/01/20 12:19:12 logger.go:29: INFO: CUSTOM THEME DISABLED
2026/01/20 12:19:12 logger.go:29: INFO: CUSTOM THEME DISABLED
2026/01/20 12:33:27 logger.go:29: INFO: CUSTOM THEME DISABLED
2026/01/20 12:33:27 logger.go:29: INFO: CUSTOM THEME DISABLED
2026/01/20 12:33:27 logger.go:29: INFO: CUSTOM THEME DISABLED
2026/01/20 12:33:27 logger.go:29: INFO: CUSTOM THEME DISABLED
2026/01/20 13:13:14 logger.go:29: INFO: CUSTOM THEME DISABLED
2026/01/20 13:13:38 logger.go:29: INFO: CUSTOM THEME DISABLED
2026/01/20 13:13:38 logger.go:29: INFO: CUSTOM THEME DISABLED
2026/01/20 13:13:38 logger.go:29: INFO: CUSTOM THEME DISABLED
2026/01/20 13:13:44 logger.go:29: INFO: CUSTOM THEME DISABLED
2026/01/20 15:08:39 logger.go:29: INFO: CUSTOM THEME DISABLED
2026/01/20 15:08:39 logger.go:29: INFO: CUSTOM THEME DISABLED
2026/01/20 15:08:49 logger.go:29: INFO: CUSTOM THEME DISABLED
2026/01/20 15:08:49 logger.go:29: INFO: CUSTOM THEME DISABLED
2026/01/20 15:08:49 logger.go:29: INFO: CUSTOM THEME DISABLED
2026/01/20 15:42:25 logger.go:29: INFO: CUSTOM THEME DISABLED
2026/01/20 15:42:25 logger.go:29: INFO: CUSTOM THEME DISABLED
2026/01/20 16:01:34 logger.go:29: INFO: CUSTOM THEME DISABLED
2026/01/20 16:01:34 logger.go:29: INFO: CUSTOM THEME DISABLED
2026/01/20 16:01:34 logger.go:29: INFO: CUSTOM THEME DISABLED
2026/01/20 16:01:34 logger.go:29: INFO: CUSTOM THEME DISABLED
2026/01/20 16:02:38 logger.go:29: INFO: CUSTOM THEME DISABLED
2026/01/20 16:02:38 logger.go:29: INFO: CUSTOM THEME DISABLED
2026/01/20 16:02:38 logger.go:29: INFO: CUSTOM THEME DISABLED
2026/01/20 17:55:54 logger.go:29: INFO: CUSTOM THEME DISABLED
2026/01/20 17:55:54 logger.go:29: INFO: CUSTOM THEME DISABLED
2026/01/21 00:31:29 logger.go:29: INFO: CUSTOM THEME DISABLED
2026/01/21 00:33:00 logger.go:29: INFO: CUSTOM THEME DISABLED
2026/01/21 00:33:00 logger.go:29: INFO: CUSTOM THEME DISABLED
2026/01/21 10:25:05 logger.go:29: INFO: CUSTOM THEME DISABLED
2026/01/21 10:25:05 logger.go:29: INFO: CUSTOM THEME DISABLED
2026/01/21 10:25:05 logger.go:29: INFO: CUSTOM THEME DISABLED
2026/01/21 10:25:05 logger.go:29: INFO: CUSTOM THEME DISABLED
2026/01/21 15:04:24 logger.go:29: INFO: CUSTOM THEME DISABLED
2026/01/21 15:04:30 logger.go:29: INFO: CUSTOM THEME DISABLED
2026/01/21 15:04:30 logger.go:29: INFO: CUSTOM THEME DISABLED
2026/01/21 15:12:36 logger.go:29: INFO: CUSTOM THEME DISABLED
2026/01/21 15:12:36 logger.go:29: INFO: CUSTOM THEME DISABLED
2026/01/21 15:12:36 logger.go:29: INFO: CUSTOM THEME DISABLED
2026/01/21 15:12:43 logger.go:29: INFO: CUSTOM THEME DISABLED
2026/01/21 15:12:43 logger.go:29: INFO: CUSTOM THEME DISABLED
2026/01/21 15:47:37 logger.go:29: INFO: CUSTOM THEME DISABLED
2026/01/21 16:45:21 logger.go:29: INFO: CUSTOM THEME DISABLED
2026/01/21 16:45:21 logger.go:29: INFO: CUSTOM THEME DISABLED
2026/01/21 20:11:16 logger.go:29: INFO: CUSTOM THEME DISABLED
2026/01/21 20:11:16 logger.go:29: INFO: CUSTOM THEME DISABLED
2026/01/21 20:11:16 logger.go:29: INFO: CUSTOM THEME DISABLED
2026/01/21 20:11:16 logger.go:29: INFO: CUSTOM THEME DISABLED
2026/01/21 20:32:20 logger.go:29: INFO: CUSTOM THEME DISABLED
2026/01/21 20:32:20 logger.go:29: INFO: CUSTOM THEME DISABLED
2026/01/21 20:32:20 logger.go:29: INFO: CUSTOM THEME DISABLED
2026/01/21 20:32:20 logger.go:29: INFO: CUSTOM THEME DISABLED
2026/01/21 20:39:52 logger.go:29: INFO: CUSTOM THEME DISABLED
2026/01/21 20:42:36 logger.go:29: INFO: CUSTOM THEME DISABLED
2026/01/21 20:49:08 logger.go:29: INFO: CUSTOM THEME DISABLED
2026/01/21 20:50:33 logger.go:29: INFO: CUSTOM THEME DISABLED
2026/01/21 20:50:33 logger.go:29: INFO: CUSTOM THEME DISABLED
2026/01/21 20:57:08 logger.go:29: INFO: CUSTOM THEME DISABLED
2026/01/21 21:02:44 logger.go:29: INFO: CUSTOM THEME DISABLED
2026/01/21 21:06:36 logger.go:29: INFO: CUSTOM THEME DISABLED
2026/01/21 22:24:14 logger.go:29: INFO: CUSTOM THEME DISABLED
2026/01/21 22:24:20 logger.go:29: INFO: CUSTOM THEME DISABLED
2026/01/22 10:07:42 logger.go:29: INFO: CUSTOM THEME DISABLED
2026/01/22 10:07:43 logger.go:29: INFO: CUSTOM THEME DISABLED
2026/01/22 10:07:43 logger.go:29: INFO: CUSTOM THEME DISABLED
2026/01/22 10:07:43 logger.go:37: WARN: Failed to get active window on Wayland: no suitable tool found (Hyprctl, Wlrctl)
2026/01/22 10:07:43 logger.go:37: WARN: Failed to get active window on Wayland: no suitable tool found (Hyprctl, Wlrctl)
2026/01/22 12:24:48 logger.go:29: INFO: CUSTOM THEME DISABLED
2026/01/22 12:24:48 logger.go:29: INFO: CUSTOM THEME DISABLED
2026/01/22 14:00:52 logger.go:29: INFO: CUSTOM THEME DISABLED
2026/01/22 14:59:55 logger.go:29: INFO: CUSTOM THEME DISABLED
2026/01/22 14:59:55 logger.go:29: INFO: CUSTOM THEME DISABLED
2026/01/22 17:45:13 logger.go:29: INFO: CUSTOM THEME DISABLED
2026/01/22 17:45:13 logger.go:29: INFO: CUSTOM THEME DISABLED
2026/01/22 17:45:13 logger.go:29: INFO: CUSTOM THEME DISABLED
2026/01/22 17:45:13 logger.go:29: INFO: CUSTOM THEME DISABLED
2026/01/22 17:45:18 logger.go:29: INFO: CUSTOM THEME DISABLED
2026/01/22 17:45:18 logger.go:29: INFO: CUSTOM THEME DISABLED
2026/01/22 17:45:18 logger.go:29: INFO: CUSTOM THEME DISABLED
2026/01/22 17:45:18 logger.go:29: INFO: CUSTOM THEME DISABLED
2026/01/22 18:06:14 logger.go:29: INFO: CUSTOM THEME DISABLED
2026/01/22 18:06:14 logger.go:29: INFO: CUSTOM THEME DISABLED
2026/01/22 18:06:14 logger.go:29: INFO: CUSTOM THEME DISABLED
2026/01/22 18:06:14 logger.go:29: INFO: CUSTOM THEME DISABLED
2026/01/22 18:06:36 logger.go:29: INFO: CUSTOM THEME DISABLED
2026/01/22 18:06:36 logger.go:29: INFO: CUSTOM THEME DISABLED
2026/01/22 18:06:36 logger.go:29: INFO: CUSTOM THEME DISABLED
2026/01/22 18:06:36 logger.go:29: INFO: CUSTOM THEME DISABLED
2026/01/22 18:11:04 logger.go:29: INFO: CUSTOM THEME DISABLED
2026/01/22 18:11:04 logger.go:29: INFO: CUSTOM THEME DISABLED
2026/01/22 18:11:04 logger.go:29: INFO: CUSTOM THEME DISABLED
2026/01/22 18:11:09 logger.go:29: INFO: CUSTOM THEME DISABLED
2026/01/22 18:11:09 logger.go:29: INFO: CUSTOM THEME DISABLED
2026/01/22 18:55:22 logger.go:29: INFO: CUSTOM THEME DISABLED
2026/01/22 18:55:22 logger.go:29: INFO: CUSTOM THEME DISABLED
2026/01/22 18:55:22 logger.go:29: INFO: CUSTOM THEME DISABLED
2026/01/22 18:55:22 logger.go:29: INFO: CUSTOM THEME DISABLED
2026/01/22 18:55:22 logger.go:29: INFO: CUSTOM THEME DISABLED
2026/01/22 18:55:22 logger.go:29: INFO: CUSTOM THEME DISABLED
2026/01/22 18:55:22 logger.go:29: INFO: CUSTOM THEME DISABLED
2026/01/22 18:55:22 logger.go:29: INFO: CUSTOM THEME DISABLED
2026/01/22 18:55:24 logger.go:29: INFO: CUSTOM THEME DISABLED
2026/01/22 18:55:24 logger.go:29: INFO: CUSTOM THEME DISABLED
2026/01/22 18:55:24 logger.go:29: INFO: CUSTOM THEME DISABLED
2026/01/22 18:55:24 logger.go:29: INFO: CUSTOM THEME DISABLED
2026/01/22 22:25:50 logger.go:29: INFO: CUSTOM THEME DISABLED
2026/01/22 22:25:51 logger.go:29: INFO: CUSTOM THEME DISABLED
2026/01/22 22:25:51 logger.go:29: INFO: CUSTOM THEME DISABLED
2026/01/22 22:25:51 logger.go:37: WARN: Failed to get active window on Wayland: no suitable tool found (Hyprctl, Wlrctl)
2026/01/22 22:25:51 logger.go:37: WARN: Failed to get active window on Wayland: no suitable tool found (Hyprctl, Wlrctl)
2026/01/22 22:40:29 logger.go:29: INFO: CUSTOM THEME DISABLED
2026/01/23 00:59:48 logger.go:29: INFO: CUSTOM THEME DISABLED
2026/01/23 00:59:48 logger.go:29: INFO: CUSTOM THEME DISABLED
2026/01/23 00:59:48 logger.go:29: INFO: CUSTOM THEME DISABLED
2026/01/23 00:59:53 logger.go:29: INFO: CUSTOM THEME DISABLED
2026/01/23 01:29:51 logger.go:29: INFO: CUSTOM THEME DISABLED
2026/01/23 01:29:51 logger.go:29: INFO: CUSTOM THEME DISABLED
2026/01/23 01:29:51 logger.go:29: INFO: CUSTOM THEME DISABLED
2026/01/23 01:29:51 logger.go:29: INFO: CUSTOM THEME DISABLED
2026/01/23 11:23:52 logger.go:29: INFO: CUSTOM THEME DISABLED
2026/01/23 11:23:52 logger.go:29: INFO: CUSTOM THEME DISABLED
2026/01/23 11:23:52 logger.go:29: INFO: CUSTOM THEME DISABLED
2026/01/23 11:23:52 logger.go:29: INFO: CUSTOM THEME DISABLED
2026/01/23 11:24:45 logger.go:29: INFO: CUSTOM THEME DISABLED
2026/01/23 11:24:45 logger.go:29: INFO: CUSTOM THEME DISABLED
2026/01/23 11:24:45 logger.go:29: INFO: CUSTOM THEME DISABLED
2026/01/23 11:24:45 logger.go:29: INFO: CUSTOM THEME DISABLED
2026/01/23 12:01:28 logger.go:29: INFO: CUSTOM THEME DISABLED
2026/01/23 12:01:28 logger.go:29: INFO: CUSTOM THEME DISABLED
2026/01/23 12:01:28 logger.go:29: INFO: CUSTOM THEME DISABLED
2026/01/23 13:26:47 logger.go:29: INFO: CUSTOM THEME DISABLED
2026/01/23 13:26:47 logger.go:29: INFO: CUSTOM THEME DISABLED
2026/01/23 13:26:48 logger.go:29: INFO: CUSTOM THEME DISABLED
2026/01/23 13:26:48 logger.go:29: INFO: CUSTOM THEME DISABLED
2026/01/23 13:26:48 logger.go:29: INFO: CUSTOM THEME DISABLED
2026/01/23 13:26:48 logger.go:29: INFO: CUSTOM THEME DISABLED
2026/01/23 13:26:57 logger.go:29: INFO: CUSTOM THEME DISABLED
2026/01/23 13:26:57 logger.go:29: INFO: CUSTOM THEME DISABLED
2026/01/23 13:26:57 logger.go:29: INFO: CUSTOM THEME DISABLED
2026/01/23 13:26:57 logger.go:29: INFO: CUSTOM THEME DISABLED
2026/01/23 13:27:09 logger.go:29: INFO: CUSTOM THEME DISABLED
2026/01/23 13:27:09 logger.go:29: INFO: CUSTOM THEME DISABLED
2026/01/23 13:27:09 logger.go:29: INFO: CUSTOM THEME DISABLED
2026/01/23 13:27:09 logger.go:29: INFO: CUSTOM THEME DISABLED
2026/01/23 13:27:16 logger.go:29: INFO: CUSTOM THEME DISABLED
2026/01/23 13:27:16 logger.go:29: INFO: CUSTOM THEME DISABLED
2026/01/23 13:27:16 logger.go:29: INFO: CUSTOM THEME DISABLED
2026/01/23 13:27:16 logger.go:29: INFO: CUSTOM THEME DISABLED
2026/01/23 13:27:35 logger.go:29: INFO: CUSTOM THEME DISABLED
2026/01/23 13:27:35 logger.go:29: INFO: CUSTOM THEME DISABLED
2026/01/23 13:27:35 logger.go:29: INFO: CUSTOM THEME DISABLED
2026/01/23 13:27:35 logger.go:29: INFO: CUSTOM THEME DISABLED
2026/01/23 13:27:46 logger.go:29: INFO: CUSTOM THEME DISABLED
2026/01/23 13:27:46 logger.go:29: INFO: CUSTOM THEME DISABLED
2026/01/23 13:27:46 logger.go:29: INFO: CUSTOM THEME DISABLED
2026/01/23 13:27:46 logger.go:29: INFO: CUSTOM THEME DISABLED
2026/01/23 13:27:50 logger.go:29: INFO: CUSTOM THEME DISABLED
2026/01/23 13:27:50 logger.go:29: INFO: CUSTOM THEME DISABLED
2026/01/23 13:27:50 logger.go:29: INFO: CUSTOM THEME DISABLED
2026/01/23 13:31:35 logger.go:29: INFO: CUSTOM THEME DISABLED
2026/01/23 13:31:35 logger.go:29: INFO: CUSTOM THEME DISABLED
2026/01/23 13:31:41 logger.go:29: INFO: CUSTOM THEME DISABLED
2026/01/23 13:31:41 logger.go:29: INFO: CUSTOM THEME DISABLED
2026/01/23 13:31:41 logger.go:29: INFO: CUSTOM THEME DISABLED
2026/01/23 13:31:41 logger.go:29: INFO: CUSTOM THEME DISABLED
2026/01/23 13:31:45 logger.go:29: INFO: CUSTOM THEME DISABLED
2026/01/23 13:31:45 logger.go:29: INFO: CUSTOM THEME DISABLED
2026/01/23 13:31:45 logger.go:29: INFO: CUSTOM THEME DISABLED
2026/01/23 13:31:45 logger.go:29: INFO: CUSTOM THEME DISABLED
2026/01/23 13:31:50 logger.go:29: INFO: CUSTOM THEME DISABLED
2026/01/23 13:31:50 logger.go:29: INFO: CUSTOM THEME DISABLED
2026/01/23 13:31:50 logger.go:29: INFO: CUSTOM THEME DISABLED
2026/01/23 13:31:50 logger.go:29: INFO: CUSTOM THEME DISABLED
2026/01/23 16:01:26 logger.go:29: INFO: CUSTOM THEME DISABLED
2026/01/23 16:01:26 logger.go:29: INFO: CUSTOM THEME DISABLED
2026/01/23 16:01:26 logger.go:29: INFO: CUSTOM THEME DISABLED
2026/01/23 16:01:26 logger.go:29: INFO: CUSTOM THEME DISABLED
2026/01/23 16:04:13 logger.go:29: INFO: CUSTOM THEME DISABLED
2026/01/23 16:04:13 logger.go:29: INFO: CUSTOM THEME DISABLED
2026/01/23 16:04:13 logger.go:29: INFO: CUSTOM THEME DISABLED
2026/01/23 16:04:13 logger.go:29: INFO: CUSTOM THEME DISABLED
2026/01/23 17:03:16 logger.go:29: INFO: CUSTOM THEME DISABLED
2026/01/23 17:04:58 logger.go:29: INFO: CUSTOM THEME DISABLED
2026/01/23 17:15:12 logger.go:29: INFO: CUSTOM THEME DISABLED
2026/01/23 17:15:12 logger.go:29: INFO: CUSTOM THEME DISABLED
2026/01/23 17:36:16 logger.go:29: INFO: CUSTOM THEME DISABLED
2026/01/23 17:36:16 logger.go:29: INFO: CUSTOM THEME DISABLED
2026/01/23 17:36:16 logger.go:29: INFO: CUSTOM THEME DISABLED
2026/01/23 17:36:16 logger.go:29: INFO: CUSTOM THEME DISABLED
2026/01/23 17:36:30 logger.go:29: INFO: CUSTOM THEME DISABLED
2026/01/23 17:36:30 logger.go:29: INFO: CUSTOM THEME DISABLED
2026/01/23 17:36:30 logger.go:29: INFO: CUSTOM THEME DISABLED
2026/01/23 17:44:42 logger.go:29: INFO: CUSTOM THEME DISABLED
2026/01/23 17:45:14 logger.go:29: INFO: CUSTOM THEME DISABLED
2026/01/23 17:50:49 logger.go:29: INFO: CUSTOM THEME DISABLED
2026/01/23 17:50:49 logger.go:29: INFO: CUSTOM THEME DISABLED
2026/01/23 17:57:02 logger.go:29: INFO: CUSTOM THEME DISABLED
2026/01/23 17:57:02 logger.go:29: INFO: CUSTOM THEME DISABLED
2026/01/23 17:57:02 logger.go:29: INFO: CUSTOM THEME DISABLED
2026/01/23 18:44:27 logger.go:29: INFO: CUSTOM THEME DISABLED
2026/01/23 20:11:14 logger.go:29: INFO: CUSTOM THEME DISABLED
2026/01/23 21:55:33 logger.go:29: INFO: CUSTOM THEME DISABLED
2026/01/23 22:01:31 logger.go:29: INFO: CUSTOM THEME DISABLED
2026/01/23 22:55:25 logger.go:29: INFO: CUSTOM THEME DISABLED
2026/01/23 22:55:25 logger.go:29: INFO: CUSTOM THEME DISABLED
2026/01/23 22:55:25 logger.go:29: INFO: CUSTOM THEME DISABLED
2026/01/23 22:55:25 logger.go:29: INFO: CUSTOM THEME DISABLED
2026/01/23 23:17:14 logger.go:29: INFO: CUSTOM THEME DISABLED
2026/01/23 23:17:14 logger.go:29: INFO: CUSTOM THEME DISABLED
2026/01/23 23:17:14 logger.go:29: INFO: CUSTOM THEME DISABLED
2026/01/23 23:17:14 logger.go:29: INFO: CUSTOM THEME DISABLED
2026/01/23 23:17:14 logger.go:29: INFO: CUSTOM THEME DISABLED
2026/01/23 23:17:14 logger.go:29: INFO: CUSTOM THEME DISABLED
2026/01/23 23:18:22 logger.go:29: INFO: CUSTOM THEME DISABLED
2026/01/23 23:18:22 logger.go:29: INFO: CUSTOM THEME DISABLED
2026/01/23 23:18:22 logger.go:29: INFO: CUSTOM THEME DISABLED
2026/01/23 23:18:22 logger.go:29: INFO: CUSTOM THEME DISABLED
2026/01/23 23:18:22 logger.go:29: INFO: CUSTOM THEME DISABLED
2026/01/23 23:18:22 logger.go:29: INFO: CUSTOM THEME DISABLED
2026/01/23 23:20:07 logger.go:29: INFO: CUSTOM THEME DISABLED
2026/01/23 23:20:07 logger.go:29: INFO: CUSTOM THEME DISABLED
2026/01/23 23:20:07 logger.go:29: INFO: CUSTOM THEME DISABLED
2026/01/23 23:20:07 logger.go:29: INFO: CUSTOM THEME DISABLED
2026/01/23 23:20:07 logger.go:29: INFO: CUSTOM THEME DISABLED
2026/01/23 23:20:07 logger.go:29: INFO: CUSTOM THEME DISABLED
2026/01/24 00:51:38 logger.go:29: INFO: CUSTOM THEME DISABLED
2026/01/24 00:51:38 logger.go:29: INFO: CUSTOM THEME DISABLED
2026/01/24 00:51:38 logger.go:29: INFO: CUSTOM THEME DISABLED
2026/01/24 00:51:38 logger.go:29: INFO: CUSTOM THEME DISABLED
2026/01/24 00:51:38 logger.go:29: INFO: CUSTOM THEME DISABLED
2026/01/24 00:51:38 logger.go:29: INFO: CUSTOM THEME DISABLED
2026/01/24 00:52:01 logger.go:29: INFO: CUSTOM THEME DISABLED
2026/01/24 00:52:01 logger.go:29: INFO: CUSTOM THEME DISABLED
2026/01/24 00:52:01 logger.go:29: INFO: CUSTOM THEME DISABLED
2026/01/24 00:52:01 logger.go:29: INFO: CUSTOM THEME DISABLED
2026/01/24 00:52:01 logger.go:29: INFO: CUSTOM THEME DISABLED
2026/01/24 00:52:02 logger.go:29: INFO: CUSTOM THEME DISABLED
2026/01/24 01:04:58 logger.go:29: INFO: CUSTOM THEME DISABLED
2026/01/24 01:04:58 logger.go:29: INFO: CUSTOM THEME DISABLED
2026/01/24 01:04:58 logger.go:29: INFO: CUSTOM THEME DISABLED
2026/01/24 01:04:58 logger.go:29: INFO: CUSTOM THEME DISABLED
2026/01/24 01:04:58 logger.go:29: INFO: CUSTOM THEME DISABLED
2026/01/24 01:04:58 logger.go:29: INFO: CUSTOM THEME DISABLED
2026/01/24 01:34:37 logger.go:29: INFO: CUSTOM THEME DISABLED
2026/01/24 01:34:37 logger.go:29: INFO: CUSTOM THEME DISABLED
2026/01/24 01:34:37 logger.go:29: INFO: CUSTOM THEME DISABLED
2026/01/24 01:34:38 logger.go:29: INFO: CUSTOM THEME DISABLED
2026/01/24 01:34:38 logger.go:29: INFO: CUSTOM THEME DISABLED
2026/01/24 01:34:38 logger.go:29: INFO: CUSTOM THEME DISABLED
2026/01/24 01:55:35 logger.go:29: INFO: CUSTOM THEME DISABLED
2026/01/24 01:55:35 logger.go:29: INFO: CUSTOM THEME DISABLED
2026/01/24 01:55:35 logger.go:29: INFO: CUSTOM THEME DISABLED
2026/01/24 01:55:35 logger.go:29: INFO: CUSTOM THEME DISABLED
2026/01/24 01:55:35 logger.go:29: INFO: CUSTOM THEME DISABLED
2026/01/24 01:55:35 logger.go:29: INFO: CUSTOM THEME DISABLED
2026/01/24 03:04:33 logger.go:29: INFO: CUSTOM THEME DISABLED
2026/01/24 03:04:33 logger.go:29: INFO: CUSTOM THEME DISABLED
2026/01/24 03:04:33 logger.go:29: INFO: CUSTOM THEME DISABLED
2026/01/24 03:04:33 logger.go:29: INFO: CUSTOM THEME DISABLED
2026/01/24 03:04:33 logger.go:29: INFO: CUSTOM THEME DISABLED
2026/01/24 03:04:33 logger.go:29: INFO: CUSTOM THEME DISABLED
2026/01/24 03:07:58 logger.go:29: INFO: CUSTOM THEME DISABLED
2026/01/24 03:07:58 logger.go:29: INFO: CUSTOM THEME DISABLED
2026/01/24 03:07:58 logger.go:29: INFO: CUSTOM THEME DISABLED
2026/01/24 03:07:58 logger.go:29: INFO: CUSTOM THEME DISABLED
2026/01/24 03:07:58 logger.go:29: INFO: CUSTOM THEME DISABLED
2026/01/24 03:07:58 logger.go:29: INFO: CUSTOM THEME DISABLED
2026/01/24 13:35:36 logger.go:29: INFO: CUSTOM THEME DISABLED
2026/01/24 13:35:36 logger.go:29: INFO: CUSTOM THEME DISABLED
2026/01/24 13:35:36 logger.go:29: INFO: CUSTOM THEME DISABLED
2026/01/24 13:35:36 logger.go:29: INFO: CUSTOM THEME DISABLED
2026/01/24 13:35:37 logger.go:29: INFO: CUSTOM THEME DISABLED
2026/01/24 13:35:37 logger.go:29: INFO: CUSTOM THEME DISABLED
2026/01/24 13:47:39 logger.go:29: INFO: CUSTOM THEME DISABLED
2026/01/24 13:47:39 logger.go:29: INFO: CUSTOM THEME DISABLED
2026/01/24 13:47:39 logger.go:29: INFO: CUSTOM THEME DISABLED
2026/01/24 13:47:39 logger.go:29: INFO: CUSTOM THEME DISABLED
2026/01/24 13:47:39 logger.go:29: INFO: CUSTOM THEME DISABLED
2026/01/24 13:47:39 logger.go:29: INFO: CUSTOM THEME DISABLED
2026/01/24 14:19:37 logger.go:29: INFO: CUSTOM THEME DISABLED
2026/01/24 14:19:37 logger.go:29: INFO: CUSTOM THEME DISABLED
2026/01/24 14:19:37 logger.go:29: INFO: CUSTOM THEME DISABLED
2026/01/24 14:19:37 logger.go:29: INFO: CUSTOM THEME DISABLED
2026/01/24 14:19:37 logger.go:29: INFO: CUSTOM THEME DISABLED
2026/01/24 14:19:37 logger.go:29: INFO: CUSTOM THEME DISABLED
2026/01/24 14:19:37 logger.go:37: WARN: Failed to get active window on Wayland: no suitable tool found (Hyprctl, Wlrctl)
2026/01/24 14:30:46 logger.go:29: INFO: CUSTOM THEME DISABLED
2026/01/24 14:30:46 logger.go:29: INFO: CUSTOM THEME DISABLED
2026/01/24 14:30:46 logger.go:29: INFO: CUSTOM THEME DISABLED
2026/01/24 16:39:42 logger.go:29: INFO: CUSTOM THEME DISABLED
2026/01/24 16:39:42 logger.go:29: INFO: CUSTOM THEME DISABLED
2026/01/24 17:05:13 logger.go:29: INFO: CUSTOM THEME DISABLED
2026/01/24 17:05:13 logger.go:29: INFO: CUSTOM THEME DISABLED
2026/01/24 17:05:13 logger.go:29: INFO: CUSTOM THEME DISABLED
2026/01/24 17:05:13 logger.go:29: INFO: CUSTOM THEME DISABLED
2026/01/24 17:05:13 logger.go:29: INFO: CUSTOM THEME DISABLED
2026/01/24 17:05:13 logger.go:29: INFO: CUSTOM THEME DISABLED
2026/01/24 17:55:58 logger.go:29: INFO: CUSTOM THEME DISABLED
2026/01/24 17:55:58 logger.go:29: INFO: CUSTOM THEME DISABLED
2026/01/24 17:56:01 logger.go:29: INFO: CUSTOM THEME DISABLED
2026/01/24 17:56:01 logger.go:29: INFO: CUSTOM THEME DISABLED
2026/01/24 17:56:01 logger.go:29: INFO: CUSTOM THEME DISABLED
2026/01/24 21:27:04 logger.go:29: INFO: CUSTOM THEME DISABLED
2026/01/24 21:27:04 logger.go:29: INFO: CUSTOM THEME DISABLED
2026/01/24 23:26:01 logger.go:29: INFO: CUSTOM THEME DISABLED
2026/01/25 00:11:14 logger.go:29: INFO: CUSTOM THEME DISABLED
2026/01/25 14:27:24 logger.go:29: INFO: CUSTOM THEME DISABLED
2026/01/25 14:27:25 logger.go:29: INFO: CUSTOM THEME DISABLED
2026/01/25 14:27:25 logger.go:29: INFO: CUSTOM THEME DISABLED
2026/01/25 14:27:25 logger.go:37: WARN: Failed to get active window on Wayland: no suitable tool found (Hyprctl, Wlrctl)
2026/01/25 14:27:25 logger.go:37: WARN: Failed to get active window on Wayland: no suitable tool found (Hyprctl, Wlrctl)
2026/01/25 15:11:17 logger.go:29: INFO: CUSTOM THEME DISABLED
2026/01/25 15:11:17 logger.go:29: INFO: CUSTOM THEME DISABLED
2026/01/25 15:11:18 logger.go:29: INFO: CUSTOM THEME DISABLED
2026/01/25 15:11:18 logger.go:29: INFO: CUSTOM THEME DISABLED
2026/01/25 18:08:24 logger.go:29: INFO: CUSTOM THEME DISABLED
2026/01/25 18:08:24 logger.go:29: INFO: CUSTOM THEME DISABLED
2026/01/25 18:08:24 logger.go:29: INFO: CUSTOM THEME DISABLED
2026/01/25 18:08:24 logger.go:29: INFO: CUSTOM THEME DISABLED
2026/01/25 18:08:24 logger.go:29: INFO: CUSTOM THEME DISABLED
2026/01/25 18:08:25 logger.go:29: INFO: CUSTOM THEME DISABLED
2026/01/25 18:15:19 logger.go:29: INFO: CUSTOM THEME DISABLED
2026/01/25 18:15:19 logger.go:29: INFO: CUSTOM THEME DISABLED
2026/01/25 18:15:19 logger.go:29: INFO: CUSTOM THEME DISABLED
2026/01/25 18:15:19 logger.go:29: INFO: CUSTOM THEME DISABLED
2026/01/25 18:15:19 logger.go:29: INFO: CUSTOM THEME DISABLED
2026/01/25 18:15:20 logger.go:29: INFO: CUSTOM THEME DISABLED
2026/01/25 18:15:38 logger.go:29: INFO: CUSTOM THEME DISABLED
2026/01/25 18:15:38 logger.go:29: INFO: CUSTOM THEME DISABLED
2026/01/25 18:15:38 logger.go:29: INFO: CUSTOM THEME DISABLED
2026/01/25 18:15:38 logger.go:29: INFO: CUSTOM THEME DISABLED
2026/01/25 18:15:38 logger.go:29: INFO: CUSTOM THEME DISABLED
2026/01/25 18:15:38 logger.go:29: INFO: CUSTOM THEME DISABLED
2026/01/25 18:23:46 logger.go:29: INFO: CUSTOM THEME DISABLED
2026/01/25 18:23:46 logger.go:29: INFO: CUSTOM THEME DISABLED
2026/01/25 18:23:46 logger.go:29: INFO: CUSTOM THEME DISABLED
2026/01/25 18:23:46 logger.go:29: INFO: CUSTOM THEME DISABLED
2026/01/25 18:23:46 logger.go:29: INFO: CUSTOM THEME DISABLED
2026/01/25 18:23:46 logger.go:29: INFO: CUSTOM THEME DISABLED
2026/01/25 18:24:02 logger.go:29: INFO: CUSTOM THEME DISABLED
2026/01/25 18:24:02 logger.go:29: INFO: CUSTOM THEME DISABLED
2026/01/25 18:24:02 logger.go:29: INFO: CUSTOM THEME DISABLED
2026/01/25 18:24:02 logger.go:29: INFO: CUSTOM THEME DISABLED
2026/01/25 18:24:02 logger.go:29: INFO: CUSTOM THEME DISABLED
2026/01/25 18:24:02 logger.go:29: INFO: CUSTOM THEME DISABLED
2026/01/25 18:25:35 logger.go:29: INFO: CUSTOM THEME DISABLED
2026/01/25 18:25:35 logger.go:29: INFO: CUSTOM THEME DISABLED
2026/01/25 18:25:35 logger.go:29: INFO: CUSTOM THEME DISABLED
2026/01/25 18:25:35 logger.go:29: INFO: CUSTOM THEME DISABLED
2026/01/25 18:26:22 logger.go:29: INFO: CUSTOM THEME DISABLED
2026/01/25 18:26:22 logger.go:29: INFO: CUSTOM THEME DISABLED
2026/01/25 18:26:22 logger.go:29: INFO: CUSTOM THEME DISABLED
2026/01/25 18:26:22 logger.go:29: INFO: CUSTOM THEME DISABLED
2026/01/25 18:26:28 logger.go:29: INFO: CUSTOM THEME DISABLED
2026/01/25 18:26:28 logger.go:29: INFO: CUSTOM THEME DISABLED
2026/01/25 18:26:28 logger.go:29: INFO: CUSTOM THEME DISABLED
2026/01/25 18:26:28 logger.go:29: INFO: CUSTOM THEME DISABLED
2026/01/25 18:26:28 logger.go:29: INFO: CUSTOM THEME DISABLED
2026/01/25 18:26:28 logger.go:29: INFO: CUSTOM THEME DISABLED
2026/01/25 18:29:05 logger.go:29: INFO: CUSTOM THEME DISABLED
2026/01/25 18:29:05 logger.go:29: INFO: CUSTOM THEME DISABLED
2026/01/25 18:29:05 logger.go:29: INFO: CUSTOM THEME DISABLED
2026/01/25 18:29:05 logger.go:29: INFO: CUSTOM THEME DISABLED
2026/01/25 18:33:53 logger.go:29: INFO: CUSTOM THEME DISABLED
2026/01/25 18:33:53 logger.go:29: INFO: CUSTOM THEME DISABLED
2026/01/25 18:33:53 logger.go:29: INFO: CUSTOM THEME DISABLED
2026/01/25 18:33:53 logger.go:29: INFO: CUSTOM THEME DISABLED
2026/01/25 18:33:53 logger.go:29: INFO: CUSTOM THEME DISABLED
2026/01/25 18:33:53 logger.go:29: INFO: CUSTOM THEME DISABLED
2026/01/25 18:33:53 logger.go:29: INFO: CUSTOM THEME DISABLED
2026/01/25 18:33:53 logger.go:29: INFO: CUSTOM THEME DISABLED
2026/01/25 18:33:54 logger.go:29: INFO: CUSTOM THEME DISABLED
2026/01/25 18:33:54 logger.go:29: INFO: CUSTOM THEME DISABLED
2026/01/25 18:33:54 logger.go:29: INFO: CUSTOM THEME DISABLED
2026/01/25 18:33:54 logger.go:29: INFO: CUSTOM THEME DISABLED
2026/01/25 22:01:56 logger.go:29: INFO: CUSTOM THEME DISABLED
2026/01/25 22:01:56 logger.go:29: INFO: CUSTOM THEME DISABLED
2026/01/25 22:01:56 logger.go:29: INFO: CUSTOM THEME DISABLED
2026/01/25 22:27:28 logger.go:29: INFO: CUSTOM THEME DISABLED
2026/01/25 22:27:28 logger.go:29: INFO: CUSTOM THEME DISABLED
2026/01/25 22:27:44 logger.go:29: INFO: CUSTOM THEME DISABLED
2026/01/25 22:27:44 logger.go:29: INFO: CUSTOM THEME DISABLED
2026/01/25 22:27:44 logger.go:29: INFO: CUSTOM THEME DISABLED
2026/01/25 22:27:44 logger.go:29: INFO: CUSTOM THEME DISABLED
2026/01/25 22:27:44 logger.go:29: INFO: CUSTOM THEME DISABLED
2026/01/25 22:27:44 logger.go:29: INFO: CUSTOM THEME DISABLED
2026/01/25 22:27:44 logger.go:29: INFO: CUSTOM THEME DISABLED
2026/01/25 22:27:50 logger.go:29: INFO: CUSTOM THEME DISABLED
2026/01/25 22:27:50 logger.go:29: INFO: CUSTOM THEME DISABLED
2026/01/25 22:27:52 logger.go:29: INFO: CUSTOM THEME DISABLED
2026/01/25 22:27:52 logger.go:29: INFO: CUSTOM THEME DISABLED
2026/01/25 22:27:52 logger.go:29: INFO: CUSTOM THEME DISABLED
2026/01/25 22:30:44 logger.go:29: INFO: CUSTOM THEME DISABLED
2026/01/25 22:30:44 logger.go:29: INFO: CUSTOM THEME DISABLED
2026/01/25 22:43:12 logger.go:29: INFO: CUSTOM THEME DISABLED
2026/01/25 22:43:12 logger.go:29: INFO: CUSTOM THEME DISABLED
2026/01/25 22:43:12 logger.go:29: INFO: CUSTOM THEME DISABLED
2026/01/25 22:43:13 logger.go:29: INFO: CUSTOM THEME DISABLED
2026/01/25 22:43:13 logger.go:29: INFO: CUSTOM THEME DISABLED
2026/01/25 22:43:13 logger.go:29: INFO: CUSTOM THEME DISABLED
2026/01/25 22:55:25 logger.go:29: INFO: CUSTOM THEME DISABLED
2026/01/25 22:55:25 logger.go:29: INFO: CUSTOM THEME DISABLED
2026/01/25 23:14:54 logger.go:29: INFO: CUSTOM THEME DISABLED
2026/01/25 23:14:54 logger.go:29: INFO: CUSTOM THEME DISABLED
2026/01/25 23:14:54 logger.go:29: INFO: CUSTOM THEME DISABLED
2026/01/25 23:14:54 logger.go:29: INFO: CUSTOM THEME DISABLED
2026/01/25 23:15:25 logger.go:29: INFO: CUSTOM THEME DISABLED
2026/01/25 23:15:25 logger.go:29: INFO: CUSTOM THEME DISABLED
2026/01/25 23:15:25 logger.go:29: INFO: CUSTOM THEME DISABLED
2026/01/25 23:15:25 logger.go:29: INFO: CUSTOM THEME DISABLED
2026/01/25 23:15:26 logger.go:29: INFO: CUSTOM THEME DISABLED
2026/01/25 23:15:26 logger.go:29: INFO: CUSTOM THEME DISABLED
2026/01/25 23:15:26 logger.go:29: INFO: CUSTOM THEME DISABLED
2026/01/25 23:15:28 logger.go:29: INFO: CUSTOM THEME DISABLED
2026/01/25 23:15:28 logger.go:29: INFO: CUSTOM THEME DISABLED
2026/01/25 23:18:19 logger.go:29: INFO: CUSTOM THEME DISABLED
2026/01/25 23:18:19 logger.go:29: INFO: CUSTOM THEME DISABLED
2026/01/25 23:18:19 logger.go:29: INFO: CUSTOM THEME DISABLED
2026/01/25 23:32:36 logger.go:29: INFO: CUSTOM THEME DISABLED
2026/01/25 23:32:36 logger.go:29: INFO: CUSTOM THEME DISABLED
2026/01/26 09:52:50 logger.go:29: INFO: CUSTOM THEME DISABLED
2026/01/26 09:52:50 logger.go:29: INFO: CUSTOM THEME DISABLED
2026/01/26 09:52:50 logger.go:29: INFO: CUSTOM THEME DISABLED
2026/01/26 09:52:50 logger.go:37: WARN: Failed to get active window on Wayland: no suitable tool found (Hyprctl, Wlrctl)
2026/01/26 09:52:50 logger.go:37: WARN: Failed to get active window on Wayland: no suitable tool found (Hyprctl, Wlrctl)
2026/01/26 12:13:30 logger.go:29: INFO: CUSTOM THEME DISABLED
2026/01/26 12:13:31 logger.go:29: INFO: CUSTOM THEME DISABLED
2026/01/26 12:13:31 logger.go:29: INFO: CUSTOM THEME DISABLED
2026/01/26 12:13:31 logger.go:37: WARN: Failed to get active window on Wayland: no suitable tool found (Hyprctl, Wlrctl)
2026/01/26 12:13:31 logger.go:37: WARN: Failed to get active window on Wayland: no suitable tool found (Hyprctl, Wlrctl)
2026/01/26 12:24:36 logger.go:29: INFO: CUSTOM THEME DISABLED
2026/01/26 12:24:36 logger.go:29: INFO: CUSTOM THEME DISABLED
2026/01/26 12:24:40 logger.go:29: INFO: CUSTOM THEME DISABLED
2026/01/26 12:24:41 logger.go:29: INFO: CUSTOM THEME DISABLED
2026/01/26 12:24:41 logger.go:29: INFO: CUSTOM THEME DISABLED
2026/01/26 12:24:41 logger.go:29: INFO: CUSTOM THEME DISABLED
2026/01/26 12:32:32 logger.go:29: INFO: CUSTOM THEME DISABLED
2026/01/26 12:32:32 logger.go:29: INFO: CUSTOM THEME DISABLED
2026/01/26 12:40:23 logger.go:29: INFO: CUSTOM THEME DISABLED
2026/01/26 12:40:23 logger.go:29: INFO: CUSTOM THEME DISABLED
2026/01/26 12:40:23 logger.go:29: INFO: CUSTOM THEME DISABLED
2026/01/26 12:40:23 logger.go:29: INFO: CUSTOM THEME DISABLED
2026/01/26 12:42:47 logger.go:29: INFO: CUSTOM THEME DISABLED
2026/01/26 12:42:47 logger.go:29: INFO: CUSTOM THEME DISABLED
2026/01/26 12:42:47 logger.go:29: INFO: CUSTOM THEME DISABLED
2026/01/26 12:42:47 logger.go:29: INFO: CUSTOM THEME DISABLED
2026/01/26 13:02:20 logger.go:29: INFO: CUSTOM THEME DISABLED
2026/01/26 13:02:20 logger.go:29: INFO: CUSTOM THEME DISABLED
2026/01/26 13:02:20 logger.go:29: INFO: CUSTOM THEME DISABLED
2026/01/26 13:02:20 logger.go:29: INFO: CUSTOM THEME DISABLED
2026/01/26 13:02:21 logger.go:29: INFO: CUSTOM THEME DISABLED
2026/01/26 13:02:21 logger.go:29: INFO: CUSTOM THEME DISABLED
2026/01/26 13:02:21 logger.go:29: INFO: CUSTOM THEME DISABLED
2026/01/26 13:02:21 logger.go:29: INFO: CUSTOM THEME DISABLED
2026/01/26 13:28:51 logger.go:29: INFO: CUSTOM THEME DISABLED
2026/01/26 13:28:51 logger.go:29: INFO: CUSTOM THEME DISABLED
2026/01/26 13:28:51 logger.go:29: INFO: CUSTOM THEME DISABLED
2026/01/26 14:08:01 logger.go:29: INFO: CUSTOM THEME DISABLED
2026/01/26 14:08:01 logger.go:29: INFO: CUSTOM THEME DISABLED
2026/01/26 14:08:04 logger.go:29: INFO: CUSTOM THEME DISABLED
2026/01/26 14:08:04 logger.go:29: INFO: CUSTOM THEME DISABLED
2026/01/26 14:08:04 logger.go:29: INFO: CUSTOM THEME DISABLED
2026/01/26 14:08:05 logger.go:29: INFO: CUSTOM THEME DISABLED
2026/01/26 14:08:05 logger.go:29: INFO: CUSTOM THEME DISABLED
2026/01/26 14:08:05 logger.go:29: INFO: CUSTOM THEME DISABLED
2026/01/26 14:08:05 logger.go:29: INFO: CUSTOM THEME DISABLED
2026/01/26 14:08:05 logger.go:29: INFO: CUSTOM THEME DISABLED
2026/01/26 14:08:05 logger.go:29: INFO: CUSTOM THEME DISABLED
2026/01/26 14:35:51 logger.go:29: INFO: CUSTOM THEME DISABLED
2026/01/26 14:35:51 logger.go:29: INFO: CUSTOM THEME DISABLED
2026/01/26 14:36:31 logger.go:29: INFO: CUSTOM THEME DISABLED
2026/01/26 14:39:19 logger.go:29: INFO: CUSTOM THEME DISABLED
2026/01/26 14:39:19 logger.go:29: INFO: CUSTOM THEME DISABLED
2026/01/26 14:39:19 logger.go:29: INFO: CUSTOM THEME DISABLED
2026/01/26 16:38:49 logger.go:29: INFO: CUSTOM THEME DISABLED
2026/01/26 16:39:52 logger.go:29: INFO: CUSTOM THEME DISABLED
2026/01/26 18:21:10 logger.go:29: INFO: CUSTOM THEME DISABLED
2026/01/26 18:32:44 logger.go:29: INFO: CUSTOM THEME DISABLED
2026/01/26 18:32:44 logger.go:29: INFO: CUSTOM THEME DISABLED
2026/01/26 18:38:59 logger.go:29: INFO: CUSTOM THEME DISABLED
2026/01/26 18:44:14 logger.go:29: INFO: CUSTOM THEME DISABLED
2026/01/26 18:52:57 logger.go:29: INFO: CUSTOM THEME DISABLED
2026/01/26 18:52:57 logger.go:29: INFO: CUSTOM THEME DISABLED
2026/01/26 19:08:19 logger.go:29: INFO: CUSTOM THEME DISABLED
2026/01/26 19:08:19 logger.go:29: INFO: CUSTOM THEME DISABLED
2026/01/26 19:08:19 logger.go:29: INFO: CUSTOM THEME DISABLED
2026/01/26 19:08:19 logger.go:29: INFO: CUSTOM THEME DISABLED
2026/01/26 21:45:38 logger.go:29: INFO: CUSTOM THEME DISABLED
2026/01/26 21:45:38 logger.go:29: INFO: CUSTOM THEME DISABLED
2026/01/26 21:45:38 logger.go:29: INFO: CUSTOM THEME DISABLED
2026/01/26 21:45:38 logger.go:29: INFO: CUSTOM THEME DISABLED
2026/01/26 21:45:52 logger.go:29: INFO: CUSTOM THEME DISABLED
2026/01/26 21:45:52 logger.go:29: INFO: CUSTOM THEME DISABLED
2026/01/26 21:45:52 logger.go:29: INFO: CUSTOM THEME DISABLED
2026/01/26 21:45:52 logger.go:29: INFO: CUSTOM THEME DISABLED
2026/01/26 21:46:43 logger.go:29: INFO: CUSTOM THEME DISABLED
2026/01/26 21:46:43 logger.go:29: INFO: CUSTOM THEME DISABLED
2026/01/26 21:46:43 logger.go:29: INFO: CUSTOM THEME DISABLED
2026/01/26 21:46:43 logger.go:29: INFO: CUSTOM THEME DISABLED
2026/01/26 21:46:51 logger.go:29: INFO: CUSTOM THEME DISABLED
2026/01/26 21:46:51 logger.go:29: INFO: CUSTOM THEME DISABLED
2026/01/26 21:46:51 logger.go:29: INFO: CUSTOM THEME DISABLED
2026/01/26 21:46:51 logger.go:29: INFO: CUSTOM THEME DISABLED
2026/01/26 21:47:53 logger.go:29: INFO: CUSTOM THEME DISABLED
2026/01/26 21:47:53 logger.go:29: INFO: CUSTOM THEME DISABLED
2026/01/26 21:47:53 logger.go:29: INFO: CUSTOM THEME DISABLED
2026/01/26 21:47:53 logger.go:29: INFO: CUSTOM THEME DISABLED
2026/01/26 21:56:45 logger.go:29: INFO: CUSTOM THEME DISABLED
2026/01/26 21:56:45 logger.go:29: INFO: CUSTOM THEME DISABLED
2026/01/26 21:56:45 logger.go:29: INFO: CUSTOM THEME DISABLED
2026/01/26 21:56:45 logger.go:29: INFO: CUSTOM THEME DISABLED
2026/01/26 21:56:45 logger.go:29: INFO: CUSTOM THEME DISABLED
2026/01/26 21:56:45 logger.go:29: INFO: CUSTOM THEME DISABLED
2026/01/26 22:11:16 logger.go:29: INFO: CUSTOM THEME DISABLED
2026/01/26 22:11:16 logger.go:29: INFO: CUSTOM THEME DISABLED
2026/01/26 22:11:16 logger.go:29: INFO: CUSTOM THEME DISABLED
2026/01/26 22:11:16 logger.go:29: INFO: CUSTOM THEME DISABLED
2026/01/27 10:47:09 logger.go:29: INFO: CUSTOM THEME DISABLED
2026/01/27 10:47:09 logger.go:37: WARN: Failed to get active window on Wayland: no suitable tool found (Hyprctl, Wlrctl)
2026/01/27 11:29:52 logger.go:29: INFO: CUSTOM THEME DISABLED
2026/01/27 11:32:00 logger.go:29: INFO: CUSTOM THEME DISABLED
2026/01/27 11:32:05 logger.go:29: INFO: CUSTOM THEME DISABLED
2026/01/27 11:32:05 logger.go:29: INFO: CUSTOM THEME DISABLED
2026/01/27 11:32:05 logger.go:29: INFO: CUSTOM THEME DISABLED
2026/01/27 11:47:28 logger.go:29: INFO: CUSTOM THEME DISABLED
2026/01/27 11:47:28 logger.go:29: INFO: CUSTOM THEME DISABLED
2026/01/27 12:10:31 logger.go:29: INFO: CUSTOM THEME DISABLED
2026/01/27 12:10:32 logger.go:29: INFO: CUSTOM THEME DISABLED
2026/01/27 12:10:32 logger.go:29: INFO: CUSTOM THEME DISABLED
2026/01/27 12:10:32 logger.go:29: INFO: CUSTOM THEME DISABLED
2026/01/27 12:11:47 logger.go:29: INFO: CUSTOM THEME DISABLED
2026/01/27 12:11:47 logger.go:29: INFO: CUSTOM THEME DISABLED
2026/01/27 12:11:47 logger.go:29: INFO: CUSTOM THEME DISABLED
2026/01/27 12:11:47 logger.go:29: INFO: CUSTOM THEME DISABLED
2026/01/27 12:12:05 logger.go:29: INFO: CUSTOM THEME DISABLED
2026/01/27 12:12:05 logger.go:29: INFO: CUSTOM THEME DISABLED
2026/01/27 12:12:05 logger.go:29: INFO: CUSTOM THEME DISABLED
2026/01/27 12:12:05 logger.go:29: INFO: CUSTOM THEME DISABLED
2026/01/27 12:12:22 logger.go:29: INFO: CUSTOM THEME DISABLED
2026/01/27 12:12:22 logger.go:29: INFO: CUSTOM THEME DISABLED
2026/01/27 12:12:22 logger.go:29: INFO: CUSTOM THEME DISABLED
2026/01/27 12:12:22 logger.go:29: INFO: CUSTOM THEME DISABLED
2026/01/27 12:16:48 logger.go:29: INFO: CUSTOM THEME DISABLED
2026/01/27 12:16:48 logger.go:29: INFO: CUSTOM THEME DISABLED
2026/01/27 12:16:48 logger.go:29: INFO: CUSTOM THEME DISABLED
2026/01/27 12:16:48 logger.go:29: INFO: CUSTOM THEME DISABLED
2026/01/27 12:32:24 logger.go:29: INFO: CUSTOM THEME DISABLED
2026/01/27 12:32:24 logger.go:29: INFO: CUSTOM THEME DISABLED
2026/01/27 12:32:24 logger.go:29: INFO: CUSTOM THEME DISABLED
2026/01/27 12:32:24 logger.go:29: INFO: CUSTOM THEME DISABLED
2026/01/27 12:32:24 logger.go:29: INFO: CUSTOM THEME DISABLED
2026/01/27 12:32:24 logger.go:29: INFO: CUSTOM THEME DISABLED
2026/01/27 12:35:45 logger.go:29: INFO: CUSTOM THEME DISABLED
2026/01/27 12:35:45 logger.go:29: INFO: CUSTOM THEME DISABLED
2026/01/27 12:35:45 logger.go:29: INFO: CUSTOM THEME DISABLED
2026/01/27 12:35:45 logger.go:29: INFO: CUSTOM THEME DISABLED
2026/01/27 12:35:45 logger.go:29: INFO: CUSTOM THEME DISABLED
2026/01/27 12:35:45 logger.go:29: INFO: CUSTOM THEME DISABLED
2026/01/27 12:36:58 logger.go:29: INFO: CUSTOM THEME DISABLED
2026/01/27 12:36:58 logger.go:29: INFO: CUSTOM THEME DISABLED
2026/01/27 12:36:58 logger.go:29: INFO: CUSTOM THEME DISABLED
2026/01/27 12:36:58 logger.go:29: INFO: CUSTOM THEME DISABLED
2026/01/27 12:40:38 logger.go:29: INFO: CUSTOM THEME DISABLED
2026/01/27 12:41:48 logger.go:29: INFO: CUSTOM THEME DISABLED
2026/01/27 12:43:24 logger.go:29: INFO: CUSTOM THEME DISABLED
2026/01/27 12:43:24 logger.go:29: INFO: CUSTOM THEME DISABLED
2026/01/27 12:43:39 logger.go:29: INFO: CUSTOM THEME DISABLED
2026/01/27 12:44:23 logger.go:29: INFO: CUSTOM THEME DISABLED
2026/01/27 12:44:23 logger.go:29: INFO: CUSTOM THEME DISABLED
2026/01/27 12:44:54 logger.go:29: INFO: CUSTOM THEME DISABLED
2026/01/27 12:44:54 logger.go:29: INFO: CUSTOM THEME DISABLED
2026/01/27 12:44:54 logger.go:29: INFO: CUSTOM THEME DISABLED
2026/01/27 12:44:54 logger.go:29: INFO: CUSTOM THEME DISABLED
2026/01/27 12:44:54 logger.go:29: INFO: CUSTOM THEME DISABLED
2026/01/27 12:44:54 logger.go:29: INFO: CUSTOM THEME DISABLED
2026/01/27 12:44:58 logger.go:29: INFO: CUSTOM THEME DISABLED
2026/01/27 12:44:58 logger.go:29: INFO: CUSTOM THEME DISABLED
2026/01/27 12:44:58 logger.go:29: INFO: CUSTOM THEME DISABLED
2026/01/27 12:44:58 logger.go:29: INFO: CUSTOM THEME DISABLED
2026/01/27 12:45:14 logger.go:29: INFO: CUSTOM THEME DISABLED
2026/01/27 12:45:24 logger.go:29: INFO: CUSTOM THEME DISABLED
2026/01/27 12:49:02 logger.go:29: INFO: CUSTOM THEME DISABLED
2026/01/27 12:55:18 logger.go:29: INFO: CUSTOM THEME DISABLED
2026/01/27 12:55:18 logger.go:29: INFO: CUSTOM THEME DISABLED
2026/01/27 15:15:09 logger.go:29: INFO: CUSTOM THEME DISABLED
2026/01/27 15:15:09 logger.go:29: INFO: CUSTOM THEME DISABLED
2026/01/27 15:15:09 logger.go:29: INFO: CUSTOM THEME DISABLED
2026/01/27 15:15:09 logger.go:29: INFO: CUSTOM THEME DISABLED
2026/01/27 15:44:03 logger.go:29: INFO: CUSTOM THEME DISABLED
2026/01/27 15:44:03 logger.go:29: INFO: CUSTOM THEME DISABLED
2026/01/27 15:44:03 logger.go:29: INFO: CUSTOM THEME DISABLED
2026/01/27 15:44:03 logger.go:29: INFO: CUSTOM THEME DISABLED
2026/01/27 15:59:04 logger.go:29: INFO: CUSTOM THEME DISABLED
2026/01/27 15:59:04 logger.go:29: INFO: CUSTOM THEME DISABLED
2026/01/27 15:59:04 logger.go:29: INFO: CUSTOM THEME DISABLED
2026/01/27 17:23:38 logger.go:29: INFO: CUSTOM THEME DISABLED
2026/01/27 17:36:00 logger.go:29: INFO: CUSTOM THEME DISABLED
2026/01/27 17:44:30 logger.go:29: INFO: CUSTOM THEME DISABLED
2026/01/27 17:45:22 logger.go:29: INFO: CUSTOM THEME DISABLED
2026/01/27 17:49:15 logger.go:29: INFO: CUSTOM THEME DISABLED
2026/01/27 17:51:34 logger.go:29: INFO: CUSTOM THEME DISABLED
2026/01/27 18:23:58 logger.go:29: INFO: CUSTOM THEME DISABLED
2026/01/28 09:55:16 logger.go:29: INFO: CUSTOM THEME DISABLED
2026/01/28 09:55:16 logger.go:29: INFO: CUSTOM THEME DISABLED
2026/01/28 09:55:17 logger.go:29: INFO: CUSTOM THEME DISABLED
2026/01/28 09:55:17 logger.go:29: INFO: CUSTOM THEME DISABLED
2026/01/28 09:55:17 logger.go:29: INFO: CUSTOM THEME DISABLED
2026/01/28 09:55:17 logger.go:29: INFO: CUSTOM THEME DISABLED
2026/01/28 10:01:27 logger.go:29: INFO: CUSTOM THEME DISABLED
2026/01/28 10:01:27 logger.go:29: INFO: CUSTOM THEME DISABLED
2026/01/28 10:01:27 logger.go:29: INFO: CUSTOM THEME DISABLED
2026/01/28 10:01:27 logger.go:29: INFO: CUSTOM THEME DISABLED
2026/01/28 11:00:42 logger.go:29: INFO: CUSTOM THEME DISABLED
2026/01/28 11:00:42 logger.go:29: INFO: CUSTOM THEME DISABLED
2026/01/28 11:00:42 logger.go:29: INFO: CUSTOM THEME DISABLED
2026/01/28 11:00:42 logger.go:29: INFO: CUSTOM THEME DISABLED
2026/01/28 12:02:51 logger.go:29: INFO: CUSTOM THEME DISABLED
2026/01/28 12:02:51 logger.go:29: INFO: CUSTOM THEME DISABLED
2026/01/28 12:02:51 logger.go:29: INFO: CUSTOM THEME DISABLED
2026/01/28 12:02:51 logger.go:29: INFO: CUSTOM THEME DISABLED
2026/01/28 12:05:32 logger.go:29: INFO: CUSTOM THEME DISABLED
2026/01/28 12:24:17 logger.go:29: INFO: CUSTOM THEME DISABLED
2026/01/28 12:24:17 logger.go:29: INFO: CUSTOM THEME DISABLED
2026/01/28 12:24:29 logger.go:29: INFO: CUSTOM THEME DISABLED
2026/01/28 12:25:31 logger.go:29: INFO: CUSTOM THEME DISABLED
2026/01/28 12:25:31 logger.go:29: INFO: CUSTOM THEME DISABLED
2026/01/28 12:25:31 logger.go:29: INFO: CUSTOM THEME DISABLED
2026/01/28 12:25:49 logger.go:29: INFO: CUSTOM THEME DISABLED
2026/01/28 12:25:49 logger.go:29: INFO: CUSTOM THEME DISABLED
2026/01/28 13:10:27 logger.go:29: INFO: CUSTOM THEME DISABLED
2026/01/28 13:10:32 logger.go:29: INFO: CUSTOM THEME DISABLED
2026/01/28 13:10:32 logger.go:29: INFO: CUSTOM THEME DISABLED
2026/01/28 13:10:37 logger.go:29: INFO: CUSTOM THEME DISABLED
2026/01/28 13:10:37 logger.go:29: INFO: CUSTOM THEME DISABLED
2026/01/28 13:10:37 logger.go:29: INFO: CUSTOM THEME DISABLED
2026/01/28 13:10:41 logger.go:29: INFO: CUSTOM THEME DISABLED
2026/01/28 13:10:41 logger.go:29: INFO: CUSTOM THEME DISABLED
2026/01/28 13:11:00 logger.go:29: INFO: CUSTOM THEME DISABLED
2026/01/28 13:11:00 logger.go:29: INFO: CUSTOM THEME DISABLED
2026/01/28 13:11:00 logger.go:29: INFO: CUSTOM THEME DISABLED
2026/01/28 13:11:14 logger.go:29: INFO: CUSTOM THEME DISABLED
2026/01/28 13:11:14 logger.go:29: INFO: CUSTOM THEME DISABLED
2026/01/28 13:11:33 logger.go:29: INFO: CUSTOM THEME DISABLED
2026/01/28 13:11:33 logger.go:29: INFO: CUSTOM THEME DISABLED
2026/01/28 13:22:43 logger.go:29: INFO: CUSTOM THEME DISABLED
2026/01/28 17:02:32 logger.go:29: INFO: CUSTOM THEME DISABLED
2026/01/28 17:13:30 logger.go:29: INFO: CUSTOM THEME DISABLED
2026/01/28 17:13:30 logger.go:29: INFO: CUSTOM THEME DISABLED
2026/01/28 17:13:45 logger.go:29: INFO: CUSTOM THEME DISABLED
2026/01/28 17:13:45 logger.go:29: INFO: CUSTOM THEME DISABLED
2026/01/28 17:13:45 logger.go:29: INFO: CUSTOM THEME DISABLED
2026/01/28 17:13:45 logger.go:29: INFO: CUSTOM THEME DISABLED
2026/01/28 17:13:48 logger.go:29: INFO: CUSTOM THEME DISABLED
2026/01/28 17:13:48 logger.go:29: INFO: CUSTOM THEME DISABLED
2026/01/28 17:13:48 logger.go:29: INFO: CUSTOM THEME DISABLED
2026/01/28 20:58:53 logger.go:29: INFO: CUSTOM THEME DISABLED
2026/01/29 10:06:11 logger.go:29: INFO: CUSTOM THEME DISABLED
2026/01/29 10:06:11 logger.go:29: INFO: CUSTOM THEME DISABLED
2026/01/29 10:06:49 logger.go:29: INFO: CUSTOM THEME DISABLED
2026/01/29 10:06:49 logger.go:29: INFO: CUSTOM THEME DISABLED
2026/01/29 10:06:49 logger.go:29: INFO: CUSTOM THEME DISABLED
2026/01/29 10:06:49 logger.go:29: INFO: CUSTOM THEME DISABLED
2026/01/29 10:08:35 logger.go:29: INFO: CUSTOM THEME DISABLED
2026/01/29 10:08:35 logger.go:29: INFO: CUSTOM THEME DISABLED
2026/01/29 10:08:35 logger.go:29: INFO: CUSTOM THEME DISABLED
2026/01/29 10:08:35 logger.go:29: INFO: CUSTOM THEME DISABLED
2026/01/29 10:09:05 logger.go:29: INFO: CUSTOM THEME DISABLED
2026/01/29 10:09:05 logger.go:29: INFO: CUSTOM THEME DISABLED
2026/01/29 10:09:05 logger.go:29: INFO: CUSTOM THEME DISABLED
2026/01/29 10:09:05 logger.go:29: INFO: CUSTOM THEME DISABLED
2026/01/29 13:36:20 logger.go:29: INFO: CUSTOM THEME DISABLED
2026/01/29 13:36:20 logger.go:29: INFO: CUSTOM THEME DISABLED
2026/01/29 13:36:20 logger.go:37: WARN: Failed to get active window on Wayland: no suitable tool found (Hyprctl, Wlrctl)
2026/01/29 13:36:20 logger.go:37: WARN: Failed to get active window on Wayland: no suitable tool found (Hyprctl, Wlrctl)
2026/01/29 16:35:42 logger.go:29: INFO: CUSTOM THEME DISABLED
2026/01/29 16:35:53 logger.go:29: INFO: CUSTOM THEME DISABLED
2026/01/29 16:35:53 logger.go:29: INFO: CUSTOM THEME DISABLED
2026/01/29 16:42:43 logger.go:29: INFO: CUSTOM THEME DISABLED
2026/01/29 16:42:43 logger.go:29: INFO: CUSTOM THEME DISABLED
2026/01/30 11:28:54 logger.go:29: INFO: CUSTOM THEME DISABLED
2026/01/30 11:28:54 logger.go:29: INFO: CUSTOM THEME DISABLED
2026/01/30 11:28:54 logger.go:29: INFO: CUSTOM THEME DISABLED
2026/01/30 11:28:54 logger.go:37: WARN: Failed to get active window on Wayland: no suitable tool found (Hyprctl, Wlrctl)
2026/01/30 11:28:54 logger.go:37: WARN: Failed to get active window on Wayland: no suitable tool found (Hyprctl, Wlrctl)
2026/01/30 13:08:13 logger.go:29: INFO: CUSTOM THEME DISABLED
2026/01/30 13:08:13 logger.go:29: INFO: CUSTOM THEME DISABLED
2026/01/30 13:14:24 logger.go:29: INFO: CUSTOM THEME DISABLED
2026/01/30 13:15:45 logger.go:29: INFO: CUSTOM THEME DISABLED
2026/01/30 13:15:45 logger.go:29: INFO: CUSTOM THEME DISABLED
2026/01/30 14:12:27 logger.go:29: INFO: CUSTOM THEME DISABLED
2026/01/30 14:12:27 logger.go:29: INFO: CUSTOM THEME DISABLED
2026/01/30 15:43:52 logger.go:29: INFO: CUSTOM THEME DISABLED
2026/01/30 15:43:52 logger.go:29: INFO: CUSTOM THEME DISABLED
2026/01/30 15:45:50 logger.go:29: INFO: CUSTOM THEME DISABLED
2026/01/30 15:45:50 logger.go:29: INFO: CUSTOM THEME DISABLED
2026/01/30 15:45:50 logger.go:29: INFO: CUSTOM THEME DISABLED
2026/01/30 15:45:50 logger.go:29: INFO: CUSTOM THEME DISABLED
2026/01/30 16:18:59 logger.go:29: INFO: CUSTOM THEME DISABLED
2026/01/30 16:19:04 logger.go:29: INFO: CUSTOM THEME DISABLED
2026/01/30 16:19:06 logger.go:29: INFO: CUSTOM THEME DISABLED
2026/01/30 16:19:49 logger.go:29: INFO: CUSTOM THEME DISABLED
2026/01/30 16:19:49 logger.go:29: INFO: CUSTOM THEME DISABLED
2026/01/30 16:19:56 logger.go:29: INFO: CUSTOM THEME DISABLED
2026/01/30 16:20:09 logger.go:29: INFO: CUSTOM THEME DISABLED
2026/01/30 16:20:12 logger.go:29: INFO: CUSTOM THEME DISABLED
2026/01/30 16:20:12 logger.go:29: INFO: CUSTOM THEME DISABLED
2026/01/30 16:20:12 logger.go:29: INFO: CUSTOM THEME DISABLED
2026/01/30 16:20:12 logger.go:29: INFO: CUSTOM THEME DISABLED
2026/01/30 16:20:13 logger.go:29: INFO: CUSTOM THEME DISABLED
2026/01/30 16:20:14 logger.go:29: INFO: Killing pid 71708, cmd clipse
2026/01/30 16:20:14 logger.go:29: INFO: CUSTOM THEME DISABLED
2026/01/30 16:20:19 logger.go:29: INFO: CUSTOM THEME DISABLED
2026/01/30 16:20:20 logger.go:29: INFO: CUSTOM THEME DISABLED
2026/01/30 16:20:27 logger.go:29: INFO: CUSTOM THEME DISABLED
2026/01/30 16:20:27 logger.go:29: INFO: CUSTOM THEME DISABLED
2026/01/30 16:20:28 logger.go:29: INFO: CUSTOM THEME DISABLED
2026/01/30 16:25:32 logger.go:29: INFO: CUSTOM THEME DISABLED
2026/01/30 16:25:32 logger.go:29: INFO: CUSTOM THEME DISABLED
2026/01/30 16:25:32 logger.go:29: INFO: CUSTOM THEME DISABLED
2026/01/30 16:25:32 logger.go:29: INFO: CUSTOM THEME DISABLED
2026/01/30 17:20:40 logger.go:29: INFO: CUSTOM THEME DISABLED
2026/01/30 17:20:40 logger.go:29: INFO: CUSTOM THEME DISABLED
2026/01/30 17:20:40 logger.go:29: INFO: CUSTOM THEME DISABLED
2026/01/30 17:20:40 logger.go:29: INFO: CUSTOM THEME DISABLED
2026/01/30 17:48:56 logger.go:29: INFO: CUSTOM THEME DISABLED
2026/01/30 17:48:56 logger.go:29: INFO: CUSTOM THEME DISABLED
2026/01/30 17:48:56 logger.go:29: INFO: CUSTOM THEME DISABLED
2026/01/30 17:48:56 logger.go:29: INFO: CUSTOM THEME DISABLED
2026/01/30 17:48:56 logger.go:29: INFO: CUSTOM THEME DISABLED
2026/01/30 17:48:56 logger.go:29: INFO: CUSTOM THEME DISABLED
2026/01/30 17:48:56 logger.go:29: INFO: CUSTOM THEME DISABLED
2026/01/30 17:48:56 logger.go:29: INFO: CUSTOM THEME DISABLED
2026/01/30 17:48:56 logger.go:29: INFO: CUSTOM THEME DISABLED
2026/01/30 17:48:56 logger.go:29: INFO: CUSTOM THEME DISABLED
2026/01/30 17:48:57 logger.go:29: INFO: CUSTOM THEME DISABLED
2026/01/30 17:48:57 logger.go:29: INFO: CUSTOM THEME DISABLED
2026/01/30 18:27:46 logger.go:29: INFO: CUSTOM THEME DISABLED
2026/01/30 18:30:04 logger.go:29: INFO: CUSTOM THEME DISABLED
2026/01/30 18:30:04 logger.go:29: INFO: CUSTOM THEME DISABLED
2026/01/30 23:18:16 logger.go:29: INFO: CUSTOM THEME DISABLED
2026/01/30 23:18:16 logger.go:29: INFO: CUSTOM THEME DISABLED
2026/01/30 23:18:16 logger.go:37: WARN: Failed to get active window on Wayland: no suitable tool found (Hyprctl, Wlrctl)
2026/01/30 23:18:16 logger.go:37: WARN: Failed to get active window on Wayland: no suitable tool found (Hyprctl, Wlrctl)
2026/01/30 23:19:16 logger.go:29: INFO: CUSTOM THEME DISABLED
2026/01/30 23:19:17 logger.go:29: INFO: CUSTOM THEME DISABLED
2026/01/30 23:19:17 logger.go:29: INFO: CUSTOM THEME DISABLED
2026/01/30 23:19:17 logger.go:37: WARN: Failed to get active window on Wayland: no suitable tool found (Hyprctl, Wlrctl)
2026/01/30 23:19:17 logger.go:37: WARN: Failed to get active window on Wayland: no suitable tool found (Hyprctl, Wlrctl)
2026/01/31 14:45:45 logger.go:29: INFO: CUSTOM THEME DISABLED
2026/01/31 14:50:51 logger.go:29: INFO: CUSTOM THEME DISABLED
2026/01/31 15:26:30 logger.go:29: INFO: CUSTOM THEME DISABLED
2026/01/31 17:49:27 logger.go:29: INFO: CUSTOM THEME DISABLED
2026/01/31 17:49:27 logger.go:29: INFO: CUSTOM THEME DISABLED
2026/01/31 17:49:36 logger.go:29: INFO: CUSTOM THEME DISABLED
2026/01/31 17:49:36 logger.go:29: INFO: CUSTOM THEME DISABLED
2026/01/31 17:49:36 logger.go:29: INFO: CUSTOM THEME DISABLED
2026/01/31 17:49:36 logger.go:29: INFO: CUSTOM THEME DISABLED
2026/01/31 21:12:11 logger.go:29: INFO: CUSTOM THEME DISABLED
2026/01/31 21:12:11 logger.go:29: INFO: CUSTOM THEME DISABLED
2026/01/31 21:12:11 logger.go:29: INFO: CUSTOM THEME DISABLED
2026/01/31 21:12:11 logger.go:29: INFO: CUSTOM THEME DISABLED
2026/01/31 21:52:17 logger.go:29: INFO: CUSTOM THEME DISABLED
2026/01/31 21:52:17 logger.go:29: INFO: CUSTOM THEME DISABLED
2026/01/31 21:52:17 logger.go:29: INFO: CUSTOM THEME DISABLED
2026/01/31 21:52:17 logger.go:29: INFO: CUSTOM THEME DISABLED
2026/01/31 21:54:19 logger.go:29: INFO: CUSTOM THEME DISABLED
2026/01/31 21:54:19 logger.go:29: INFO: CUSTOM THEME DISABLED
2026/01/31 21:54:19 logger.go:29: INFO: CUSTOM THEME DISABLED
2026/01/31 21:54:19 logger.go:29: INFO: CUSTOM THEME DISABLED
2026/01/31 21:54:27 logger.go:29: INFO: CUSTOM THEME DISABLED
2026/01/31 21:54:27 logger.go:29: INFO: CUSTOM THEME DISABLED
2026/01/31 21:54:27 logger.go:29: INFO: CUSTOM THEME DISABLED
2026/01/31 21:54:27 logger.go:29: INFO: CUSTOM THEME DISABLED
2026/01/31 21:54:38 logger.go:29: INFO: CUSTOM THEME DISABLED
2026/01/31 21:54:38 logger.go:29: INFO: CUSTOM THEME DISABLED
2026/01/31 21:54:38 logger.go:29: INFO: CUSTOM THEME DISABLED
2026/01/31 21:59:38 logger.go:29: INFO: CUSTOM THEME DISABLED
2026/01/31 21:59:38 logger.go:29: INFO: CUSTOM THEME DISABLED
2026/01/31 22:00:04 logger.go:29: INFO: CUSTOM THEME DISABLED
2026/01/31 22:00:04 logger.go:29: INFO: CUSTOM THEME DISABLED
2026/01/31 22:00:04 logger.go:29: INFO: CUSTOM THEME DISABLED
2026/01/31 22:00:04 logger.go:29: INFO: CUSTOM THEME DISABLED
2026/01/31 22:01:32 logger.go:29: INFO: CUSTOM THEME DISABLED
2026/01/31 22:01:32 logger.go:29: INFO: CUSTOM THEME DISABLED
2026/01/31 22:01:32 logger.go:29: INFO: CUSTOM THEME DISABLED
2026/01/31 22:01:33 logger.go:29: INFO: CUSTOM THEME DISABLED
2026/01/31 22:01:36 logger.go:29: INFO: CUSTOM THEME DISABLED
2026/01/31 22:01:36 logger.go:29: INFO: CUSTOM THEME DISABLED
2026/01/31 22:01:36 logger.go:29: INFO: CUSTOM THEME DISABLED
2026/01/31 22:01:36 logger.go:29: INFO: CUSTOM THEME DISABLED
2026/01/31 22:06:47 logger.go:29: INFO: CUSTOM THEME DISABLED
2026/01/31 22:06:47 logger.go:29: INFO: CUSTOM THEME DISABLED
2026/01/31 22:06:47 logger.go:29: INFO: CUSTOM THEME DISABLED
2026/01/31 22:06:47 logger.go:29: INFO: CUSTOM THEME DISABLED
2026/01/31 22:13:04 logger.go:29: INFO: CUSTOM THEME DISABLED
2026/01/31 22:13:04 logger.go:29: INFO: CUSTOM THEME DISABLED
2026/01/31 22:13:04 logger.go:29: INFO: CUSTOM THEME DISABLED
2026/01/31 22:13:04 logger.go:29: INFO: CUSTOM THEME DISABLED
2026/01/31 22:19:48 logger.go:29: INFO: CUSTOM THEME DISABLED
2026/01/31 22:19:48 logger.go:29: INFO: CUSTOM THEME DISABLED
2026/01/31 22:19:48 logger.go:29: INFO: CUSTOM THEME DISABLED
2026/01/31 22:19:48 logger.go:29: INFO: CUSTOM THEME DISABLED
2026/01/31 22:31:57 logger.go:29: INFO: CUSTOM THEME DISABLED
2026/01/31 22:31:57 logger.go:29: INFO: CUSTOM THEME DISABLED
2026/01/31 22:31:57 logger.go:29: INFO: CUSTOM THEME DISABLED
2026/01/31 22:31:57 logger.go:29: INFO: CUSTOM THEME DISABLED
2026/01/31 22:34:39 logger.go:29: INFO: CUSTOM THEME DISABLED
2026/01/31 22:34:39 logger.go:29: INFO: CUSTOM THEME DISABLED
2026/01/31 22:34:39 logger.go:29: INFO: CUSTOM THEME DISABLED
2026/01/31 22:34:39 logger.go:29: INFO: CUSTOM THEME DISABLED
2026/01/31 22:34:42 logger.go:29: INFO: CUSTOM THEME DISABLED
2026/01/31 22:34:42 logger.go:29: INFO: CUSTOM THEME DISABLED
2026/01/31 22:34:42 logger.go:29: INFO: CUSTOM THEME DISABLED
2026/01/31 22:34:42 logger.go:29: INFO: CUSTOM THEME DISABLED
2026/01/31 22:35:40 logger.go:29: INFO: CUSTOM THEME DISABLED
2026/01/31 22:35:40 logger.go:29: INFO: CUSTOM THEME DISABLED
2026/01/31 22:35:40 logger.go:29: INFO: CUSTOM THEME DISABLED
2026/01/31 22:35:40 logger.go:29: INFO: CUSTOM THEME DISABLED
2026/01/31 22:48:22 logger.go:29: INFO: CUSTOM THEME DISABLED
2026/01/31 22:48:33 logger.go:29: INFO: CUSTOM THEME DISABLED
2026/01/31 22:48:33 logger.go:29: INFO: CUSTOM THEME DISABLED
2026/01/31 22:48:33 logger.go:29: INFO: CUSTOM THEME DISABLED
2026/02/01 00:10:06 logger.go:29: INFO: CUSTOM THEME DISABLED
2026/02/01 00:10:06 logger.go:29: INFO: CUSTOM THEME DISABLED
2026/02/01 00:10:06 logger.go:29: INFO: CUSTOM THEME DISABLED
2026/02/01 00:10:06 logger.go:29: INFO: CUSTOM THEME DISABLED
2026/02/01 09:09:34 logger.go:29: INFO: CUSTOM THEME DISABLED
2026/02/01 09:20:44 logger.go:29: INFO: CUSTOM THEME DISABLED
2026/02/01 09:27:18 logger.go:29: INFO: CUSTOM THEME DISABLED
2026/02/01 09:27:18 logger.go:29: INFO: CUSTOM THEME DISABLED
2026/02/01 09:39:27 logger.go:29: INFO: CUSTOM THEME DISABLED
2026/02/01 09:39:27 logger.go:29: INFO: CUSTOM THEME DISABLED
2026/02/01 09:39:27 logger.go:29: INFO: CUSTOM THEME DISABLED
2026/02/01 09:39:27 logger.go:29: INFO: CUSTOM THEME DISABLED
2026/02/01 09:39:27 logger.go:29: INFO: CUSTOM THEME DISABLED
2026/02/01 09:39:27 logger.go:29: INFO: CUSTOM THEME DISABLED
2026/02/01 09:54:49 logger.go:29: INFO: CUSTOM THEME DISABLED
2026/02/01 09:55:30 logger.go:29: INFO: CUSTOM THEME DISABLED
2026/02/01 09:55:30 logger.go:29: INFO: CUSTOM THEME DISABLED
2026/02/01 09:55:33 logger.go:29: INFO: CUSTOM THEME DISABLED
2026/02/01 09:55:33 logger.go:29: INFO: CUSTOM THEME DISABLED
2026/02/01 09:55:40 logger.go:29: INFO: CUSTOM THEME DISABLED
2026/02/01 09:55:47 logger.go:29: INFO: CUSTOM THEME DISABLED
2026/02/01 09:55:53 logger.go:29: INFO: CUSTOM THEME DISABLED
2026/02/01 09:57:32 logger.go:29: INFO: CUSTOM THEME DISABLED
2026/02/01 12:58:55 logger.go:29: INFO: CUSTOM THEME DISABLED
2026/02/01 13:34:45 logger.go:29: INFO: CUSTOM THEME DISABLED
2026/02/01 13:34:45 logger.go:29: INFO: CUSTOM THEME DISABLED
2026/02/01 13:34:45 logger.go:29: INFO: CUSTOM THEME DISABLED
2026/02/01 13:34:45 logger.go:29: INFO: CUSTOM THEME DISABLED
2026/02/01 14:12:12 logger.go:29: INFO: CUSTOM THEME DISABLED
2026/02/01 14:12:12 logger.go:29: INFO: CUSTOM THEME DISABLED
2026/02/01 14:12:12 logger.go:29: INFO: CUSTOM THEME DISABLED
2026/02/01 14:12:12 logger.go:29: INFO: CUSTOM THEME DISABLED
2026/02/01 14:12:12 logger.go:29: INFO: CUSTOM THEME DISABLED
2026/02/01 14:12:12 logger.go:29: INFO: CUSTOM THEME DISABLED
2026/02/01 16:14:55 logger.go:29: INFO: CUSTOM THEME DISABLED
2026/02/01 16:14:57 logger.go:29: INFO: CUSTOM THEME DISABLED
2026/02/01 16:14:57 logger.go:29: INFO: CUSTOM THEME DISABLED
2026/02/01 16:15:12 logger.go:29: INFO: CUSTOM THEME DISABLED
2026/02/01 16:15:12 logger.go:29: INFO: CUSTOM THEME DISABLED
2026/02/01 17:57:37 logger.go:29: INFO: CUSTOM THEME DISABLED
2026/02/01 17:57:37 logger.go:29: INFO: CUSTOM THEME DISABLED
2026/02/01 17:57:50 logger.go:29: INFO: CUSTOM THEME DISABLED
2026/02/01 17:57:50 logger.go:29: INFO: CUSTOM THEME DISABLED
2026/02/01 17:57:50 logger.go:29: INFO: CUSTOM THEME DISABLED
2026/02/01 17:57:50 logger.go:29: INFO: CUSTOM THEME DISABLED
2026/02/01 17:57:57 logger.go:29: INFO: CUSTOM THEME DISABLED
2026/02/01 17:57:57 logger.go:29: INFO: CUSTOM THEME DISABLED
2026/02/01 17:57:57 logger.go:29: INFO: CUSTOM THEME DISABLED
2026/02/01 18:00:25 logger.go:29: INFO: CUSTOM THEME DISABLED
2026/02/01 18:00:25 logger.go:29: INFO: CUSTOM THEME DISABLED
2026/02/01 18:00:25 logger.go:29: INFO: CUSTOM THEME DISABLED
2026/02/01 19:40:33 logger.go:29: INFO: CUSTOM THEME DISABLED
2026/02/01 21:10:45 logger.go:29: INFO: CUSTOM THEME DISABLED
2026/02/01 21:10:51 logger.go:29: INFO: CUSTOM THEME DISABLED
2026/02/01 22:11:38 logger.go:29: INFO: CUSTOM THEME DISABLED
2026/02/02 09:47:03 logger.go:29: INFO: CUSTOM THEME DISABLED
2026/02/02 09:47:03 logger.go:29: INFO: CUSTOM THEME DISABLED
2026/02/02 09:47:03 logger.go:37: WARN: Failed to get active window on Wayland: no suitable tool found (Hyprctl, Wlrctl)
2026/02/02 09:47:03 logger.go:29: INFO: CUSTOM THEME DISABLED
2026/02/02 09:47:03 logger.go:37: WARN: Failed to get active window on Wayland: no suitable tool found (Hyprctl, Wlrctl)
2026/02/02 10:46:00 logger.go:29: INFO: CUSTOM THEME DISABLED
2026/02/02 10:46:00 logger.go:29: INFO: CUSTOM THEME DISABLED
2026/02/02 10:50:09 logger.go:29: INFO: CUSTOM THEME DISABLED
2026/02/02 10:50:09 logger.go:29: INFO: CUSTOM THEME DISABLED
2026/02/02 10:50:09 logger.go:29: INFO: CUSTOM THEME DISABLED
2026/02/02 10:50:09 logger.go:29: INFO: CUSTOM THEME DISABLED
2026/02/02 10:50:44 logger.go:29: INFO: CUSTOM THEME DISABLED
2026/02/02 10:50:44 logger.go:29: INFO: CUSTOM THEME DISABLED
2026/02/02 10:50:44 logger.go:29: INFO: CUSTOM THEME DISABLED
2026/02/02 10:50:44 logger.go:29: INFO: CUSTOM THEME DISABLED
2026/02/02 12:23:01 logger.go:29: INFO: CUSTOM THEME DISABLED
2026/02/02 12:23:01 logger.go:29: INFO: CUSTOM THEME DISABLED
2026/02/02 12:23:01 logger.go:29: INFO: CUSTOM THEME DISABLED
2026/02/02 12:23:01 logger.go:29: INFO: CUSTOM THEME DISABLED
2026/02/02 12:23:03 logger.go:29: INFO: CUSTOM THEME DISABLED
2026/02/02 12:23:03 logger.go:29: INFO: CUSTOM THEME DISABLED
2026/02/02 12:23:03 logger.go:29: INFO: CUSTOM THEME DISABLED
2026/02/02 12:23:24 logger.go:29: INFO: CUSTOM THEME DISABLED
2026/02/02 12:23:24 logger.go:29: INFO: CUSTOM THEME DISABLED
2026/02/02 12:24:31 logger.go:29: INFO: CUSTOM THEME DISABLED
2026/02/02 12:24:31 logger.go:29: INFO: CUSTOM THEME DISABLED
2026/02/02 12:24:31 logger.go:29: INFO: CUSTOM THEME DISABLED
2026/02/02 15:43:36 logger.go:29: INFO: CUSTOM THEME DISABLED
2026/02/02 15:43:36 logger.go:29: INFO: CUSTOM THEME DISABLED
2026/02/02 15:49:19 logger.go:29: INFO: CUSTOM THEME DISABLED
2026/02/02 15:49:19 logger.go:29: INFO: CUSTOM THEME DISABLED
2026/02/02 15:49:19 logger.go:29: INFO: CUSTOM THEME DISABLED
2026/02/02 15:49:19 logger.go:29: INFO: CUSTOM THEME DISABLED
2026/02/02 16:17:59 logger.go:29: INFO: CUSTOM THEME DISABLED
2026/02/02 16:17:59 logger.go:29: INFO: CUSTOM THEME DISABLED
2026/02/02 16:33:50 logger.go:29: INFO: CUSTOM THEME DISABLED
2026/02/02 16:33:50 logger.go:29: INFO: CUSTOM THEME DISABLED
2026/02/02 16:47:40 logger.go:29: INFO: CUSTOM THEME DISABLED
2026/02/02 16:47:40 logger.go:29: INFO: CUSTOM THEME DISABLED
2026/02/02 16:48:10 logger.go:29: INFO: CUSTOM THEME DISABLED
2026/02/02 16:48:10 logger.go:29: INFO: CUSTOM THEME DISABLED
2026/02/02 16:51:11 logger.go:29: INFO: CUSTOM THEME DISABLED
2026/02/02 16:51:11 logger.go:29: INFO: CUSTOM THEME DISABLED
2026/02/02 16:55:15 logger.go:29: INFO: CUSTOM THEME DISABLED
2026/02/02 16:55:15 logger.go:29: INFO: CUSTOM THEME DISABLED
2026/02/02 17:02:55 logger.go:29: INFO: CUSTOM THEME DISABLED
2026/02/02 17:02:55 logger.go:29: INFO: CUSTOM THEME DISABLED
2026/02/02 17:02:55 logger.go:29: INFO: CUSTOM THEME DISABLED
2026/02/02 17:02:55 logger.go:29: INFO: CUSTOM THEME DISABLED
2026/02/02 17:14:12 logger.go:29: INFO: CUSTOM THEME DISABLED
2026/02/02 17:14:12 logger.go:29: INFO: CUSTOM THEME DISABLED
2026/02/02 17:14:12 logger.go:29: INFO: CUSTOM THEME DISABLED
2026/02/02 17:14:12 logger.go:29: INFO: CUSTOM THEME DISABLED
2026/02/02 17:14:26 logger.go:29: INFO: CUSTOM THEME DISABLED
2026/02/02 17:14:28 logger.go:29: INFO: CUSTOM THEME DISABLED
2026/02/02 17:14:44 logger.go:29: INFO: CUSTOM THEME DISABLED
2026/02/02 17:22:20 logger.go:29: INFO: CUSTOM THEME DISABLED
2026/02/02 17:22:20 logger.go:29: INFO: CUSTOM THEME DISABLED
2026/02/02 17:23:46 logger.go:29: INFO: CUSTOM THEME DISABLED
2026/02/02 17:23:46 logger.go:29: INFO: CUSTOM THEME DISABLED
2026/02/02 17:23:46 logger.go:29: INFO: CUSTOM THEME DISABLED
2026/02/02 17:23:46 logger.go:29: INFO: CUSTOM THEME DISABLED
2026/02/02 17:27:42 logger.go:29: INFO: CUSTOM THEME DISABLED
2026/02/02 17:30:45 logger.go:29: INFO: CUSTOM THEME DISABLED
2026/02/02 17:31:13 logger.go:29: INFO: CUSTOM THEME DISABLED
2026/02/02 17:50:11 logger.go:29: INFO: Killing pid 127419, cmd clipse
2026/02/04 11:41:04 logger.go:37: WARN: Failed to get active window on Wayland: no suitable tool found (Hyprctl, Wlrctl)
2026/02/04 11:41:04 logger.go:37: WARN: Failed to get active window on Wayland: no suitable tool found (Hyprctl, Wlrctl)
2026/02/09 12:20:12 logger.go:37: WARN: Failed to get active window on Wayland: no suitable tool found (Hyprctl, Wlrctl)
2026/02/09 12:20:12 logger.go:37: WARN: Failed to get active window on Wayland: no suitable tool found (Hyprctl, Wlrctl)
2026/02/09 12:21:35 logger.go:37: WARN: Failed to get active window on Wayland: no suitable tool found (Hyprctl, Wlrctl)
2026/02/09 12:21:35 logger.go:37: WARN: Failed to get active window on Wayland: no suitable tool found (Hyprctl, Wlrctl)
2026/02/10 16:47:06 logger.go:37: WARN: Failed to get active window on Wayland: no suitable tool found (Hyprctl, Wlrctl)
2026/02/10 16:47:06 logger.go:37: WARN: Failed to get active window on Wayland: no suitable tool found (Hyprctl, Wlrctl)
2026/02/10 17:01:04 logger.go:37: WARN: Failed to get active window on Wayland: no suitable tool found (Hyprctl, Wlrctl)
2026/02/10 17:01:04 logger.go:37: WARN: Failed to get active window on Wayland: no suitable tool found (Hyprctl, Wlrctl)
2026/02/12 13:26:39 logger.go:37: WARN: Failed to get active window on Wayland: no suitable tool found (Hyprctl, Wlrctl)
2026/02/12 13:26:39 logger.go:37: WARN: Failed to get active window on Wayland: no suitable tool found (Hyprctl, Wlrctl)
2026/02/12 14:27:56 logger.go:37: WARN: Failed to get active window on Wayland: no suitable tool found (Hyprctl, Wlrctl)
2026/02/12 14:27:56 logger.go:37: WARN: Failed to get active window on Wayland: no suitable tool found (Hyprctl, Wlrctl)
2026/02/13 10:13:37 logger.go:37: WARN: Failed to get active window on Wayland: no suitable tool found (Hyprctl, Wlrctl)
2026/02/13 10:13:37 logger.go:37: WARN: Failed to get active window on Wayland: no suitable tool found (Hyprctl, Wlrctl)
2026/02/16 21:17:20 logger.go:37: WARN: Failed to get active window on Wayland: no suitable tool found (Hyprctl, Wlrctl)
2026/02/16 21:18:18 logger.go:37: WARN: Failed to get active window on Wayland: no suitable tool found (Hyprctl, Wlrctl)
2026/02/16 21:18:18 logger.go:37: WARN: Failed to get active window on Wayland: no suitable tool found (Hyprctl, Wlrctl)
2026/02/18 21:53:13 logger.go:37: WARN: Failed to get active window on Wayland: no suitable tool found (Hyprctl, Wlrctl)
2026/02/18 21:53:13 logger.go:37: WARN: Failed to get active window on Wayland: no suitable tool found (Hyprctl, Wlrctl)
2026/02/20 20:05:37 logger.go:37: WARN: Failed to get active window on Wayland: no suitable tool found (Hyprctl, Wlrctl)
2026/02/20 20:05:37 logger.go:37: WARN: Failed to get active window on Wayland: no suitable tool found (Hyprctl, Wlrctl)
2026/02/20 20:06:36 logger.go:37: WARN: Failed to get active window on Wayland: no suitable tool found (Hyprctl, Wlrctl)
2026/02/20 20:06:36 logger.go:37: WARN: Failed to get active window on Wayland: no suitable tool found (Hyprctl, Wlrctl)
2026/02/20 20:14:58 logger.go:37: WARN: Failed to get active window on Wayland: no suitable tool found (Hyprctl, Wlrctl)
2026/02/20 20:14:58 logger.go:37: WARN: Failed to get active window on Wayland: no suitable tool found (Hyprctl, Wlrctl)
2026/02/20 23:01:25 logger.go:37: WARN: Failed to get active window on Wayland: no suitable tool found (Hyprctl, Wlrctl)
2026/02/20 23:01:25 logger.go:37: WARN: Failed to get active window on Wayland: no suitable tool found (Hyprctl, Wlrctl)
2026/02/20 23:02:25 logger.go:37: WARN: Failed to get active window on Wayland: no suitable tool found (Hyprctl, Wlrctl)
2026/02/20 23:02:25 logger.go:37: WARN: Failed to get active window on Wayland: no suitable tool found (Hyprctl, Wlrctl)
2026/02/21 09:49:43 logger.go:37: WARN: Failed to get active window on Wayland: no suitable tool found (Hyprctl, Wlrctl)
2026/02/21 09:49:43 logger.go:37: WARN: Failed to get active window on Wayland: no suitable tool found (Hyprctl, Wlrctl)
2026/02/21 13:07:55 logger.go:37: WARN: Failed to get active window on Wayland: no suitable tool found (Hyprctl, Wlrctl)
2026/02/21 13:07:55 logger.go:37: WARN: Failed to get active window on Wayland: no suitable tool found (Hyprctl, Wlrctl)
2026/02/22 14:16:51 logger.go:37: WARN: Failed to get active window on Wayland: no suitable tool found (Hyprctl, Wlrctl)
2026/02/22 14:16:51 logger.go:37: WARN: Failed to get active window on Wayland: no suitable tool found (Hyprctl, Wlrctl)
2026/02/23 13:56:51 logger.go:37: WARN: Failed to get active window on Wayland: no suitable tool found (Hyprctl, Wlrctl)
2026/02/23 13:56:51 logger.go:37: WARN: Failed to get active window on Wayland: no suitable tool found (Hyprctl, Wlrctl)
2026/02/23 15:31:59 logger.go:29: INFO: Skipping clipboard content from excluded app: Bitwarden
2026/02/23 15:32:09 logger.go:29: INFO: Skipping clipboard content from excluded app: Bitwarden
2026/02/23 15:32:09 logger.go:29: INFO: Skipping clipboard content from excluded app: Bitwarden
2026/02/23 15:32:09 logger.go:29: INFO: Skipping clipboard content from excluded app: Bitwarden
2026/02/23 15:32:28 logger.go:29: INFO: Skipping clipboard content from excluded app: Bitwarden
2026/02/23 15:32:28 logger.go:29: INFO: Skipping clipboard content from excluded app: Bitwarden
2026/02/23 15:32:28 logger.go:29: INFO: Skipping clipboard content from excluded app: Bitwarden
2026/02/23 15:34:52 logger.go:29: INFO: Skipping clipboard content from excluded app: Bitwarden
2026/02/23 15:39:08 logger.go:21: ERROR: could not open a new TTY: open /dev/tty: no such device or address
2026/02/23 15:39:58 logger.go:21: ERROR: could not open a new TTY: open /dev/tty: no such device or address
2026/02/24 20:16:35 logger.go:37: WARN: Failed to get active window on Wayland: no suitable tool found (Hyprctl, Wlrctl)
2026/02/24 20:16:35 logger.go:37: WARN: Failed to get active window on Wayland: no suitable tool found (Hyprctl, Wlrctl)
2026/02/25 09:58:31 logger.go:37: WARN: Failed to get active window on Wayland: no suitable tool found (Hyprctl, Wlrctl)
2026/02/25 09:58:31 logger.go:37: WARN: Failed to get active window on Wayland: no suitable tool found (Hyprctl, Wlrctl)
2026/02/26 11:59:57 logger.go:37: WARN: Failed to get active window on Wayland: no suitable tool found (Hyprctl, Wlrctl)
2026/02/26 11:59:57 logger.go:37: WARN: Failed to get active window on Wayland: no suitable tool found (Hyprctl, Wlrctl)
2026/02/26 12:59:13 logger.go:29: INFO: Killing pid 422389, cmd clipse
2026/02/26 12:59:14 logger.go:29: INFO: Killing pid 422540, cmd clipse
2026/02/26 13:05:36 logger.go:37: WARN: Failed to get active window on Wayland: no suitable tool found (Hyprctl, Wlrctl)
2026/02/26 13:05:36 logger.go:37: WARN: Failed to get active window on Wayland: no suitable tool found (Hyprctl, Wlrctl)
2026/02/26 13:07:32 logger.go:37: WARN: Failed to get active window on Wayland: no suitable tool found (Hyprctl, Wlrctl)
2026/02/26 13:07:32 logger.go:37: WARN: Failed to get active window on Wayland: no suitable tool found (Hyprctl, Wlrctl)
2026/02/26 13:30:35 logger.go:37: WARN: Failed to get active window on Wayland: no suitable tool found (Hyprctl, Wlrctl)
2026/02/26 13:30:35 logger.go:37: WARN: Failed to get active window on Wayland: no suitable tool found (Hyprctl, Wlrctl)
2026/02/26 13:39:04 logger.go:37: WARN: Failed to get active window on Wayland: no suitable tool found (Hyprctl, Wlrctl)
2026/02/26 13:39:04 logger.go:37: WARN: Failed to get active window on Wayland: no suitable tool found (Hyprctl, Wlrctl)
2026/02/26 14:15:21 logger.go:37: WARN: Failed to get active window on Wayland: no suitable tool found (Hyprctl, Wlrctl)
2026/02/26 14:15:21 logger.go:37: WARN: Failed to get active window on Wayland: no suitable tool found (Hyprctl, Wlrctl)
2026/02/26 14:54:40 logger.go:37: WARN: Failed to get active window on Wayland: no suitable tool found (Hyprctl, Wlrctl)
2026/02/26 14:54:40 logger.go:37: WARN: Failed to get active window on Wayland: no suitable tool found (Hyprctl, Wlrctl)
2026/02/26 17:07:59 logger.go:37: WARN: Failed to get active window on Wayland: no suitable tool found (Hyprctl, Wlrctl)
2026/02/26 17:07:59 logger.go:37: WARN: Failed to get active window on Wayland: no suitable tool found (Hyprctl, Wlrctl)
2026/02/27 14:56:52 logger.go:37: WARN: Failed to get active window on Wayland: no suitable tool found (Hyprctl, Wlrctl)
2026/02/27 14:56:52 logger.go:37: WARN: Failed to get active window on Wayland: no suitable tool found (Hyprctl, Wlrctl)
2026/02/27 16:49:05 logger.go:37: WARN: Failed to get active window on Wayland: no suitable tool found (Hyprctl, Wlrctl)
2026/02/27 16:49:05 logger.go:37: WARN: Failed to get active window on Wayland: no suitable tool found (Hyprctl, Wlrctl)
2026/02/27 17:17:18 logger.go:37: WARN: Failed to get active window on Wayland: no suitable tool found (Hyprctl, Wlrctl)
2026/02/27 21:21:52 logger.go:37: WARN: Failed to get active window on Wayland: no suitable tool found (Hyprctl, Wlrctl)
2026/02/27 21:21:52 logger.go:37: WARN: Failed to get active window on Wayland: no suitable tool found (Hyprctl, Wlrctl)
2026/02/28 12:48:06 logger.go:37: WARN: Failed to get active window on Wayland: no suitable tool found (Hyprctl, Wlrctl)
2026/02/28 14:12:53 logger.go:37: WARN: Failed to get active window on Wayland: no suitable tool found (Hyprctl, Wlrctl)
2026/02/28 14:12:53 logger.go:37: WARN: Failed to get active window on Wayland: no suitable tool found (Hyprctl, Wlrctl)
2026/02/28 16:27:45 logger.go:37: WARN: Failed to get active window on Wayland: no suitable tool found (Hyprctl, Wlrctl)
2026/02/28 16:27:45 logger.go:37: WARN: Failed to get active window on Wayland: no suitable tool found (Hyprctl, Wlrctl)
2026/02/28 18:22:00 logger.go:37: WARN: Failed to get active window on Wayland: no suitable tool found (Hyprctl, Wlrctl)
2026/02/28 18:36:33 logger.go:37: WARN: Failed to get active window on Wayland: no suitable tool found (Hyprctl, Wlrctl)
2026/02/28 21:29:09 logger.go:37: WARN: Failed to get active window on Wayland: no suitable tool found (Hyprctl, Wlrctl)
2026/02/28 21:39:39 logger.go:37: WARN: Failed to get active window on Wayland: no suitable tool found (Hyprctl, Wlrctl)
2026/03/01 21:35:37 logger.go:37: WARN: Failed to get active window on Wayland: no suitable tool found (Hyprctl, Wlrctl)
2026/03/01 21:35:37 logger.go:37: WARN: Failed to get active window on Wayland: no suitable tool found (Hyprctl, Wlrctl)
2026/03/03 09:28:57 logger.go:37: WARN: Failed to get active window on Wayland: no suitable tool found (Hyprctl, Wlrctl)
2026/03/03 09:28:57 logger.go:37: WARN: Failed to get active window on Wayland: no suitable tool found (Hyprctl, Wlrctl)
2026/03/03 13:59:38 logger.go:37: WARN: Failed to get active window on Wayland: no suitable tool found (Hyprctl, Wlrctl)
2026/03/03 13:59:38 logger.go:37: WARN: Failed to get active window on Wayland: no suitable tool found (Hyprctl, Wlrctl)
2026/03/04 09:18:40 logger.go:37: WARN: Failed to get active window on Wayland: no suitable tool found (Hyprctl, Wlrctl)
2026/03/04 09:18:40 logger.go:37: WARN: Failed to get active window on Wayland: no suitable tool found (Hyprctl, Wlrctl)
2026/03/04 13:45:00 logger.go:37: WARN: Failed to get active window on Wayland: no suitable tool found (Hyprctl, Wlrctl)
2026/03/04 13:45:00 logger.go:37: WARN: Failed to get active window on Wayland: no suitable tool found (Hyprctl, Wlrctl)
2026/03/04 17:40:03 logger.go:37: WARN: Failed to get active window on Wayland: no suitable tool found (Hyprctl, Wlrctl)
2026/03/04 17:40:03 logger.go:37: WARN: Failed to get active window on Wayland: no suitable tool found (Hyprctl, Wlrctl)
2026/03/05 16:20:51 logger.go:37: WARN: Failed to get active window on Wayland: no suitable tool found (Hyprctl, Wlrctl)
2026/03/05 16:20:51 logger.go:37: WARN: Failed to get active window on Wayland: no suitable tool found (Hyprctl, Wlrctl)
2026/03/05 19:56:59 logger.go:37: WARN: Failed to get active window on Wayland: no suitable tool found (Hyprctl, Wlrctl)
2026/03/05 19:56:59 logger.go:37: WARN: Failed to get active window on Wayland: no suitable tool found (Hyprctl, Wlrctl)
2026/03/05 21:24:46 logger.go:37: WARN: Failed to get active window on Wayland: no suitable tool found (Hyprctl, Wlrctl)
2026/03/05 21:24:46 logger.go:37: WARN: Failed to get active window on Wayland: no suitable tool found (Hyprctl, Wlrctl)
2026/03/05 23:59:26 logger.go:37: WARN: Failed to get active window on Wayland: no suitable tool found (Hyprctl, Wlrctl)
2026/03/05 23:59:26 logger.go:37: WARN: Failed to get active window on Wayland: no suitable tool found (Hyprctl, Wlrctl)
2026/03/06 15:43:16 logger.go:37: WARN: Failed to get active window on Wayland: no suitable tool found (Hyprctl, Wlrctl)
2026/03/07 13:55:27 logger.go:37: WARN: Failed to get active window on Wayland: no suitable tool found (Hyprctl, Wlrctl)
2026/03/07 13:55:27 logger.go:37: WARN: Failed to get active window on Wayland: no suitable tool found (Hyprctl, Wlrctl)
2026/03/08 02:20:16 logger.go:37: WARN: Failed to get active window on Wayland: no suitable tool found (Hyprctl, Wlrctl)
2026/03/08 02:20:16 logger.go:37: WARN: Failed to get active window on Wayland: no suitable tool found (Hyprctl, Wlrctl)
2026/03/08 17:01:41 logger.go:37: WARN: Failed to get active window on Wayland: no suitable tool found (Hyprctl, Wlrctl)
2026/03/08 17:01:41 logger.go:37: WARN: Failed to get active window on Wayland: no suitable tool found (Hyprctl, Wlrctl)
2026/03/08 21:34:59 logger.go:37: WARN: Failed to get active window on Wayland: no suitable tool found (Hyprctl, Wlrctl)
2026/03/08 21:34:59 logger.go:37: WARN: Failed to get active window on Wayland: no suitable tool found (Hyprctl, Wlrctl)
2026/03/09 15:15:08 logger.go:37: WARN: Failed to get active window on Wayland: no suitable tool found (Hyprctl, Wlrctl)
2026/03/09 15:15:08 logger.go:37: WARN: Failed to get active window on Wayland: no suitable tool found (Hyprctl, Wlrctl)
2026/03/10 10:58:44 logger.go:37: WARN: Failed to get active window on Wayland: no suitable tool found (Hyprctl, Wlrctl)
2026/03/10 10:58:44 logger.go:37: WARN: Failed to get active window on Wayland: no suitable tool found (Hyprctl, Wlrctl)
2026/03/11 11:24:53 logger.go:37: WARN: Failed to get active window on Wayland: no suitable tool found (Hyprctl, Wlrctl)
2026/03/11 17:45:18 logger.go:37: WARN: Failed to get active window on Wayland: no suitable tool found (Hyprctl, Wlrctl)
2026/03/11 20:26:04 logger.go:37: WARN: Failed to get active window on Wayland: no suitable tool found (Hyprctl, Wlrctl)
2026/03/11 20:26:04 logger.go:37: WARN: Failed to get active window on Wayland: no suitable tool found (Hyprctl, Wlrctl)
2026/03/12 11:49:11 logger.go:37: WARN: Failed to get active window on Wayland: no suitable tool found (Hyprctl, Wlrctl)
2026/03/12 11:49:11 logger.go:37: WARN: Failed to get active window on Wayland: no suitable tool found (Hyprctl, Wlrctl)
2026/03/12 21:58:21 logger.go:37: WARN: Failed to get active window on Wayland: no suitable tool found (Hyprctl, Wlrctl)
2026/03/13 17:24:30 logger.go:37: WARN: Failed to get active window on Wayland: no suitable tool found (Hyprctl, Wlrctl)
2026/03/14 19:32:01 logger.go:37: WARN: Failed to get active window on Wayland: no suitable tool found (Hyprctl, Wlrctl)
2026/03/14 19:32:01 logger.go:37: WARN: Failed to get active window on Wayland: no suitable tool found (Hyprctl, Wlrctl)
2026/03/14 22:32:20 logger.go:37: WARN: Failed to get active window on Wayland: no suitable tool found (Hyprctl, Wlrctl)
2026/03/14 22:32:20 logger.go:37: WARN: Failed to get active window on Wayland: no suitable tool found (Hyprctl, Wlrctl)
2026/03/15 13:23:49 logger.go:37: WARN: Failed to get active window on Wayland: no suitable tool found (Hyprctl, Wlrctl)
2026/03/15 15:23:50 logger.go:37: WARN: Failed to get active window on Wayland: no suitable tool found (Hyprctl, Wlrctl)
2026/03/15 15:23:50 logger.go:37: WARN: Failed to get active window on Wayland: no suitable tool found (Hyprctl, Wlrctl)
2026/03/15 18:10:32 logger.go:37: WARN: Failed to get active window on Wayland: no suitable tool found (Hyprctl, Wlrctl)
2026/03/15 18:10:32 logger.go:37: WARN: Failed to get active window on Wayland: no suitable tool found (Hyprctl, Wlrctl)
2026/03/16 10:37:39 logger.go:37: WARN: Failed to get active window on Wayland: no suitable tool found (Hyprctl, Wlrctl)
2026/03/16 13:30:25 logger.go:37: WARN: Failed to get active window on Wayland: no suitable tool found (Hyprctl, Wlrctl)
2026/03/16 15:52:57 logger.go:37: WARN: Failed to get active window on Wayland: no suitable tool found (Hyprctl, Wlrctl)
2026/03/16 15:52:57 logger.go:37: WARN: Failed to get active window on Wayland: no suitable tool found (Hyprctl, Wlrctl)
2026/03/16 21:03:36 logger.go:37: WARN: Failed to get active window on Wayland: no suitable tool found (Hyprctl, Wlrctl)
2026/03/16 21:03:36 logger.go:37: WARN: Failed to get active window on Wayland: no suitable tool found (Hyprctl, Wlrctl)
2026/03/16 23:46:34 logger.go:37: WARN: Failed to get active window on Wayland: no suitable tool found (Hyprctl, Wlrctl)
2026/03/16 23:46:34 logger.go:37: WARN: Failed to get active window on Wayland: no suitable tool found (Hyprctl, Wlrctl)
2026/03/17 16:19:57 logger.go:37: WARN: Failed to get active window on Wayland: no suitable tool found (Hyprctl, Wlrctl)
2026/03/17 16:19:57 logger.go:37: WARN: Failed to get active window on Wayland: no suitable tool found (Hyprctl, Wlrctl)
2026/03/17 22:35:40 logger.go:37: WARN: Failed to get active window on Wayland: no suitable tool found (Hyprctl, Wlrctl)
2026/03/17 22:35:40 logger.go:37: WARN: Failed to get active window on Wayland: no suitable tool found (Hyprctl, Wlrctl)
2026/03/18 08:21:21 logger.go:37: WARN: Failed to get active window on Wayland: no suitable tool found (Hyprctl, Wlrctl)
2026/03/18 08:21:21 logger.go:37: WARN: Failed to get active window on Wayland: no suitable tool found (Hyprctl, Wlrctl)
2026/03/18 10:39:38 logger.go:37: WARN: Failed to get active window on Wayland: no suitable tool found (Hyprctl, Wlrctl)
2026/03/18 10:39:38 logger.go:37: WARN: Failed to get active window on Wayland: no suitable tool found (Hyprctl, Wlrctl)
2026/03/18 10:40:37 logger.go:37: WARN: Failed to get active window on Wayland: no suitable tool found (Hyprctl, Wlrctl)
2026/03/18 10:40:37 logger.go:37: WARN: Failed to get active window on Wayland: no suitable tool found (Hyprctl, Wlrctl)
2026/03/18 13:40:40 logger.go:37: WARN: Failed to get active window on Wayland: no suitable tool found (Hyprctl, Wlrctl)
2026/03/18 13:40:40 logger.go:37: WARN: Failed to get active window on Wayland: no suitable tool found (Hyprctl, Wlrctl)
2026/03/18 13:54:04 logger.go:37: WARN: Failed to get active window on Wayland: no suitable tool found (Hyprctl, Wlrctl)
2026/03/18 13:54:04 logger.go:37: WARN: Failed to get active window on Wayland: no suitable tool found (Hyprctl, Wlrctl)
2026/03/18 16:46:27 logger.go:37: WARN: Failed to get active window on Wayland: no suitable tool found (Hyprctl, Wlrctl)
2026/03/18 16:46:27 logger.go:37: WARN: Failed to get active window on Wayland: no suitable tool found (Hyprctl, Wlrctl)
2026/03/18 17:03:01 logger.go:37: WARN: Failed to get active window on Wayland: no suitable tool found (Hyprctl, Wlrctl)
2026/03/18 17:03:01 logger.go:37: WARN: Failed to get active window on Wayland: no suitable tool found (Hyprctl, Wlrctl)
2026/03/18 19:35:30 logger.go:37: WARN: Failed to get active window on Wayland: no suitable tool found (Hyprctl, Wlrctl)
2026/03/18 21:53:55 logger.go:37: WARN: Failed to get active window on Wayland: no suitable tool found (Hyprctl, Wlrctl)
2026/03/18 21:53:55 logger.go:37: WARN: Failed to get active window on Wayland: no suitable tool found (Hyprctl, Wlrctl)
2026/03/19 01:02:22 logger.go:37: WARN: Failed to get active window on Wayland: no suitable tool found (Hyprctl, Wlrctl)
2026/03/19 13:50:28 logger.go:37: WARN: Failed to get active window on Wayland: no suitable tool found (Hyprctl, Wlrctl)
2026/03/19 13:50:28 logger.go:37: WARN: Failed to get active window on Wayland: no suitable tool found (Hyprctl, Wlrctl)
2026/03/20 15:13:38 logger.go:37: WARN: Failed to get active window on Wayland: no suitable tool found (Hyprctl, Wlrctl)
2026/03/20 15:13:38 logger.go:37: WARN: Failed to get active window on Wayland: no suitable tool found (Hyprctl, Wlrctl)
2026/03/20 17:46:40 logger.go:37: WARN: Failed to get active window on Wayland: no suitable tool found (Hyprctl, Wlrctl)
2026/03/20 17:46:40 logger.go:37: WARN: Failed to get active window on Wayland: no suitable tool found (Hyprctl, Wlrctl)
2026/03/20 20:12:32 logger.go:37: WARN: Failed to get active window on Wayland: no suitable tool found (Hyprctl, Wlrctl)
2026/03/21 18:08:44 logger.go:37: WARN: Failed to get active window on Wayland: no suitable tool found (Hyprctl, Wlrctl)
2026/03/21 18:09:40 logger.go:37: WARN: Failed to get active window on Wayland: no suitable tool found (Hyprctl, Wlrctl)
2026/03/21 18:09:40 logger.go:37: WARN: Failed to get active window on Wayland: no suitable tool found (Hyprctl, Wlrctl)
2026/03/23 10:48:38 logger.go:37: WARN: Failed to get active window on Wayland: no suitable tool found (Hyprctl, Wlrctl)
2026/03/23 10:48:38 logger.go:37: WARN: Failed to get active window on Wayland: no suitable tool found (Hyprctl, Wlrctl)
2026/03/23 11:26:35 logger.go:37: WARN: Failed to get active window on Wayland: no suitable tool found (Hyprctl, Wlrctl)
2026/03/23 11:26:35 logger.go:37: WARN: Failed to get active window on Wayland: no suitable tool found (Hyprctl, Wlrctl)
2026/03/23 11:57:11 logger.go:37: WARN: Failed to get active window on Wayland: no suitable tool found (Hyprctl, Wlrctl)
2026/03/23 11:57:11 logger.go:37: WARN: Failed to get active window on Wayland: no suitable tool found (Hyprctl, Wlrctl)
2026/03/23 12:20:24 logger.go:37: WARN: Failed to get active window on Wayland: no suitable tool found (Hyprctl, Wlrctl)
2026/03/23 12:20:24 logger.go:37: WARN: Failed to get active window on Wayland: no suitable tool found (Hyprctl, Wlrctl)
2026/03/23 14:23:08 logger.go:37: WARN: Failed to get active window on Wayland: no suitable tool found (Hyprctl, Wlrctl)
2026/03/23 14:23:08 logger.go:37: WARN: Failed to get active window on Wayland: no suitable tool found (Hyprctl, Wlrctl)
2026/03/23 14:26:38 logger.go:37: WARN: Failed to get active window on Wayland: no suitable tool found (Hyprctl, Wlrctl)
2026/03/23 14:26:38 logger.go:37: WARN: Failed to get active window on Wayland: no suitable tool found (Hyprctl, Wlrctl)
2026/03/23 15:59:02 logger.go:37: WARN: Failed to get active window on Wayland: no suitable tool found (Hyprctl, Wlrctl)
2026/03/24 20:48:18 logger.go:37: WARN: Failed to get active window on Wayland: no suitable tool found (Hyprctl, Wlrctl)
2026/03/24 20:48:18 logger.go:37: WARN: Failed to get active window on Wayland: no suitable tool found (Hyprctl, Wlrctl)
2026/03/24 20:59:03 logger.go:37: WARN: Failed to get active window on Wayland: no suitable tool found (Hyprctl, Wlrctl)
2026/03/24 20:59:03 logger.go:37: WARN: Failed to get active window on Wayland: no suitable tool found (Hyprctl, Wlrctl)
2026/03/25 12:36:13 logger.go:37: WARN: Failed to get active window on Wayland: no suitable tool found (Hyprctl, Wlrctl)
2026/03/25 12:36:13 logger.go:37: WARN: Failed to get active window on Wayland: no suitable tool found (Hyprctl, Wlrctl)
2026/03/25 12:43:47 logger.go:37: WARN: Failed to get active window on Wayland: no suitable tool found (Hyprctl, Wlrctl)
2026/03/25 12:43:47 logger.go:37: WARN: Failed to get active window on Wayland: no suitable tool found (Hyprctl, Wlrctl)
2026/03/25 19:24:13 logger.go:37: WARN: Failed to get active window on Wayland: no suitable tool found (Hyprctl, Wlrctl)
2026/03/25 19:24:13 logger.go:37: WARN: Failed to get active window on Wayland: no suitable tool found (Hyprctl, Wlrctl)
2026/03/28 10:34:42 logger.go:37: WARN: Failed to get active window on Wayland: no suitable tool found (Hyprctl, Wlrctl)
2026/03/28 10:34:42 logger.go:37: WARN: Failed to get active window on Wayland: no suitable tool found (Hyprctl, Wlrctl)
2026/03/28 15:06:25 logger.go:37: WARN: Failed to get active window on Wayland: no suitable tool found (Hyprctl, Wlrctl)
2026/03/28 15:06:25 logger.go:37: WARN: Failed to get active window on Wayland: no suitable tool found (Hyprctl, Wlrctl)
2026/03/28 21:09:36 logger.go:37: WARN: Failed to get active window on Wayland: no suitable tool found (Hyprctl, Wlrctl)
2026/03/28 21:09:36 logger.go:37: WARN: Failed to get active window on Wayland: no suitable tool found (Hyprctl, Wlrctl)
2026/03/28 22:17:23 logger.go:37: WARN: Failed to get active window on Wayland: no suitable tool found (Hyprctl, Wlrctl)
2026/03/28 22:17:23 logger.go:37: WARN: Failed to get active window on Wayland: no suitable tool found (Hyprctl, Wlrctl)
2026/03/28 22:18:16 logger.go:37: WARN: Failed to get active window on Wayland: no suitable tool found (Hyprctl, Wlrctl)
2026/03/28 22:18:16 logger.go:37: WARN: Failed to get active window on Wayland: no suitable tool found (Hyprctl, Wlrctl)
2026/03/29 14:03:23 logger.go:37: WARN: Failed to get active window on Wayland: no suitable tool found (Hyprctl, Wlrctl)
2026/03/29 14:03:23 logger.go:37: WARN: Failed to get active window on Wayland: no suitable tool found (Hyprctl, Wlrctl)
2026/03/29 14:08:12 logger.go:37: WARN: Failed to get active window on Wayland: no suitable tool found (Hyprctl, Wlrctl)
2026/03/29 14:08:12 logger.go:37: WARN: Failed to get active window on Wayland: no suitable tool found (Hyprctl, Wlrctl)
2026/03/29 15:34:47 logger.go:37: WARN: Failed to get active window on Wayland: no suitable tool found (Hyprctl, Wlrctl)
2026/03/29 15:34:47 logger.go:37: WARN: Failed to get active window on Wayland: no suitable tool found (Hyprctl, Wlrctl)
2026/03/29 18:04:56 logger.go:37: WARN: Failed to get active window on Wayland: no suitable tool found (Hyprctl, Wlrctl)
2026/03/29 18:04:56 logger.go:37: WARN: Failed to get active window on Wayland: no suitable tool found (Hyprctl, Wlrctl)
2026/03/29 20:43:57 logger.go:37: WARN: Failed to get active window on Wayland: no suitable tool found (Hyprctl, Wlrctl)
2026/03/29 20:43:57 logger.go:37: WARN: Failed to get active window on Wayland: no suitable tool found (Hyprctl, Wlrctl)
2026/03/30 11:01:27 logger.go:37: WARN: Failed to get active window on Wayland: no suitable tool found (Hyprctl, Wlrctl)
2026/03/30 11:01:27 logger.go:37: WARN: Failed to get active window on Wayland: no suitable tool found (Hyprctl, Wlrctl)
2026/03/30 18:06:23 logger.go:37: WARN: Failed to get active window on Wayland: no suitable tool found (Hyprctl, Wlrctl)
2026/03/30 18:06:23 logger.go:37: WARN: Failed to get active window on Wayland: no suitable tool found (Hyprctl, Wlrctl)
2026/03/30 22:52:05 logger.go:37: WARN: Failed to get active window on Wayland: no suitable tool found (Hyprctl, Wlrctl)
2026/03/30 22:52:05 logger.go:37: WARN: Failed to get active window on Wayland: no suitable tool found (Hyprctl, Wlrctl)
2026/03/31 18:50:56 logger.go:37: WARN: Failed to get active window on Wayland: no suitable tool found (Hyprctl, Wlrctl)
2026/03/31 18:50:56 logger.go:37: WARN: Failed to get active window on Wayland: no suitable tool found (Hyprctl, Wlrctl)
2026/04/01 09:02:17 logger.go:37: WARN: Failed to get active window on Wayland: no suitable tool found (Hyprctl, Wlrctl)
2026/04/01 09:02:17 logger.go:37: WARN: Failed to get active window on Wayland: no suitable tool found (Hyprctl, Wlrctl)
2026/04/02 00:40:59 logger.go:37: WARN: Failed to get active window on Wayland: no suitable tool found (Hyprctl, Wlrctl)
2026/04/02 00:40:59 logger.go:37: WARN: Failed to get active window on Wayland: no suitable tool found (Hyprctl, Wlrctl)
2026/04/02 08:38:41 logger.go:37: WARN: Failed to get active window on Wayland: no suitable tool found (Hyprctl, Wlrctl)
2026/04/02 08:53:10 logger.go:37: WARN: Failed to get active window on Wayland: no suitable tool found (Hyprctl, Wlrctl)
2026/04/02 08:53:10 logger.go:37: WARN: Failed to get active window on Wayland: no suitable tool found (Hyprctl, Wlrctl)
2026/04/02 08:58:27 logger.go:37: WARN: Failed to get active window on Wayland: no suitable tool found (Hyprctl, Wlrctl)
2026/04/02 08:58:27 logger.go:37: WARN: Failed to get active window on Wayland: no suitable tool found (Hyprctl, Wlrctl)
2026/04/02 14:36:48 logger.go:37: WARN: Failed to get active window on Wayland: no suitable tool found (Hyprctl, Wlrctl)
2026/04/02 14:36:48 logger.go:37: WARN: Failed to get active window on Wayland: no suitable tool found (Hyprctl, Wlrctl)
2026/04/02 17:33:51 logger.go:37: WARN: Failed to get active window on Wayland: no suitable tool found (Hyprctl, Wlrctl)
2026/04/02 17:33:51 logger.go:37: WARN: Failed to get active window on Wayland: no suitable tool found (Hyprctl, Wlrctl)
2026/04/03 08:54:00 logger.go:37: WARN: Failed to get active window on Wayland: no suitable tool found (Hyprctl, Wlrctl)
2026/04/03 08:54:00 logger.go:37: WARN: Failed to get active window on Wayland: no suitable tool found (Hyprctl, Wlrctl)
2026/04/03 19:56:30 logger.go:37: WARN: Failed to get active window on Wayland: no suitable tool found (Hyprctl, Wlrctl)
2026/04/03 19:56:30 logger.go:37: WARN: Failed to get active window on Wayland: no suitable tool found (Hyprctl, Wlrctl)
2026/04/04 02:02:19 logger.go:37: WARN: Failed to get active window on Wayland: no suitable tool found (Hyprctl, Wlrctl)
2026/04/04 02:02:19 logger.go:37: WARN: Failed to get active window on Wayland: no suitable tool found (Hyprctl, Wlrctl)
2026/04/04 11:07:38 logger.go:37: WARN: Failed to get active window on Wayland: no suitable tool found (Hyprctl, Wlrctl)
2026/04/04 11:07:38 logger.go:37: WARN: Failed to get active window on Wayland: no suitable tool found (Hyprctl, Wlrctl)
2026/04/04 12:39:44 logger.go:37: WARN: Failed to get active window on Wayland: no suitable tool found (Hyprctl, Wlrctl)
2026/04/04 12:39:44 logger.go:37: WARN: Failed to get active window on Wayland: no suitable tool found (Hyprctl, Wlrctl)
2026/04/04 15:36:52 logger.go:37: WARN: Failed to get active window on Wayland: no suitable tool found (Hyprctl, Wlrctl)
2026/04/04 15:36:52 logger.go:37: WARN: Failed to get active window on Wayland: no suitable tool found (Hyprctl, Wlrctl)
2026/04/05 02:47:24 logger.go:37: WARN: Failed to get active window on Wayland: no suitable tool found (Hyprctl, Wlrctl)
2026/04/05 02:47:24 logger.go:37: WARN: Failed to get active window on Wayland: no suitable tool found (Hyprctl, Wlrctl)
2026/04/05 03:18:17 logger.go:37: WARN: Failed to get active window on Wayland: no suitable tool found (Hyprctl, Wlrctl)
2026/04/05 03:18:18 logger.go:37: WARN: Failed to get active window on Wayland: no suitable tool found (Hyprctl, Wlrctl)
2026/04/05 10:08:50 logger.go:37: WARN: Failed to get active window on Wayland: no suitable tool found (Hyprctl, Wlrctl)
2026/04/05 10:08:50 logger.go:37: WARN: Failed to get active window on Wayland: no suitable tool found (Hyprctl, Wlrctl)
2026/04/05 18:21:33 logger.go:37: WARN: Failed to get active window on Wayland: no suitable tool found (Hyprctl, Wlrctl)
2026/04/05 18:21:33 logger.go:37: WARN: Failed to get active window on Wayland: no suitable tool found (Hyprctl, Wlrctl)
2026/04/06 09:17:08 logger.go:37: WARN: Failed to get active window on Wayland: no suitable tool found (Hyprctl, Wlrctl)
2026/04/06 09:17:08 logger.go:37: WARN: Failed to get active window on Wayland: no suitable tool found (Hyprctl, Wlrctl)
2026/04/06 09:18:35 logger.go:37: WARN: Failed to get active window on Wayland: no suitable tool found (Hyprctl, Wlrctl)
2026/04/06 09:18:35 logger.go:37: WARN: Failed to get active window on Wayland: no suitable tool found (Hyprctl, Wlrctl)
2026/04/07 08:50:00 logger.go:37: WARN: Failed to get active window on Wayland: no suitable tool found (Hyprctl, Wlrctl)
2026/04/07 08:50:00 logger.go:37: WARN: Failed to get active window on Wayland: no suitable tool found (Hyprctl, Wlrctl)
2026/04/07 12:17:56 logger.go:37: WARN: Failed to get active window on Wayland: no suitable tool found (Hyprctl, Wlrctl)
2026/04/07 12:17:56 logger.go:37: WARN: Failed to get active window on Wayland: no suitable tool found (Hyprctl, Wlrctl)
2026/04/08 00:37:35 logger.go:37: WARN: Failed to get active window on Wayland: no suitable tool found (Hyprctl, Wlrctl)
2026/04/08 00:37:35 logger.go:37: WARN: Failed to get active window on Wayland: no suitable tool found (Hyprctl, Wlrctl)
2026/04/08 08:47:54 logger.go:37: WARN: Failed to get active window on Wayland: no suitable tool found (Hyprctl, Wlrctl)
2026/04/08 08:47:54 logger.go:37: WARN: Failed to get active window on Wayland: no suitable tool found (Hyprctl, Wlrctl)
2026/04/08 17:58:54 logger.go:37: WARN: Failed to get active window on Wayland: no suitable tool found (Hyprctl, Wlrctl)
2026/04/08 17:58:54 logger.go:37: WARN: Failed to get active window on Wayland: no suitable tool found (Hyprctl, Wlrctl)
2026/04/08 22:10:44 logger.go:37: WARN: Failed to get active window on Wayland: no suitable tool found (Hyprctl, Wlrctl)
2026/04/08 22:10:44 logger.go:37: WARN: Failed to get active window on Wayland: no suitable tool found (Hyprctl, Wlrctl)
2026/04/09 08:31:53 logger.go:37: WARN: Failed to get active window on Wayland: no suitable tool found (Hyprctl, Wlrctl)
2026/04/09 08:31:53 logger.go:37: WARN: Failed to get active window on Wayland: no suitable tool found (Hyprctl, Wlrctl)
2026/04/10 08:23:36 logger.go:37: WARN: Failed to get active window on Wayland: no suitable tool found (Hyprctl, Wlrctl)
2026/04/10 08:23:36 logger.go:37: WARN: Failed to get active window on Wayland: no suitable tool found (Hyprctl, Wlrctl)
2026/04/10 09:01:58 logger.go:37: WARN: Failed to get active window on Wayland: no suitable tool found (Hyprctl, Wlrctl)
2026/04/10 09:01:59 logger.go:37: WARN: Failed to get active window on Wayland: no suitable tool found (Hyprctl, Wlrctl)
2026/04/10 10:07:58 logger.go:37: WARN: Failed to get active window on Wayland: no suitable tool found (Hyprctl, Wlrctl)
2026/04/10 10:07:58 logger.go:37: WARN: Failed to get active window on Wayland: no suitable tool found (Hyprctl, Wlrctl)
2026/04/10 15:44:07 logger.go:37: WARN: Failed to get active window on Wayland: no suitable tool found (Hyprctl, Wlrctl)
2026/04/11 12:30:00 logger.go:37: WARN: Failed to get active window on Wayland: no suitable tool found (Hyprctl, Wlrctl)
2026/04/11 12:30:00 logger.go:37: WARN: Failed to get active window on Wayland: no suitable tool found (Hyprctl, Wlrctl)
2026/04/12 00:11:33 logger.go:37: WARN: Failed to get active window on Wayland: no suitable tool found (Hyprctl, Wlrctl)
2026/04/12 00:11:33 logger.go:37: WARN: Failed to get active window on Wayland: no suitable tool found (Hyprctl, Wlrctl)
2026/04/12 16:56:17 logger.go:37: WARN: Failed to get active window on Wayland: no suitable tool found (Hyprctl, Wlrctl)
2026/04/12 16:56:17 logger.go:37: WARN: Failed to get active window on Wayland: no suitable tool found (Hyprctl, Wlrctl)
2026/04/13 08:51:27 logger.go:37: WARN: Failed to get active window on Wayland: no suitable tool found (Hyprctl, Wlrctl)
2026/04/13 08:51:27 logger.go:37: WARN: Failed to get active window on Wayland: no suitable tool found (Hyprctl, Wlrctl)
2026/04/13 13:50:09 logger.go:37: WARN: Failed to get active window on Wayland: no suitable tool found (Hyprctl, Wlrctl)
2026/04/13 13:50:09 logger.go:37: WARN: Failed to get active window on Wayland: no suitable tool found (Hyprctl, Wlrctl)
2026/04/13 16:25:55 logger.go:37: WARN: Failed to get active window on Wayland: no suitable tool found (Hyprctl, Wlrctl)
2026/04/13 16:25:55 logger.go:37: WARN: Failed to get active window on Wayland: no suitable tool found (Hyprctl, Wlrctl)
2026/04/13 21:18:09 logger.go:37: WARN: Failed to get active window on Wayland: no suitable tool found (Hyprctl, Wlrctl)
2026/04/13 21:18:09 logger.go:37: WARN: Failed to get active window on Wayland: no suitable tool found (Hyprctl, Wlrctl)
2026/04/14 08:25:33 logger.go:37: WARN: Failed to get active window on Wayland: no suitable tool found (Hyprctl, Wlrctl)
2026/04/14 08:25:33 logger.go:37: WARN: Failed to get active window on Wayland: no suitable tool found (Hyprctl, Wlrctl)
2026/04/14 17:41:34 logger.go:37: WARN: Failed to get active window on Wayland: no suitable tool found (Hyprctl, Wlrctl)
2026/04/14 17:41:34 logger.go:37: WARN: Failed to get active window on Wayland: no suitable tool found (Hyprctl, Wlrctl)
2026/04/14 17:42:50 logger.go:37: WARN: Failed to get active window on Wayland: no suitable tool found (Hyprctl, Wlrctl)
2026/04/14 17:42:50 logger.go:37: WARN: Failed to get active window on Wayland: no suitable tool found (Hyprctl, Wlrctl)
2026/04/15 00:36:24 logger.go:37: WARN: Failed to get active window on Wayland: no suitable tool found (Hyprctl, Wlrctl)
2026/04/15 00:36:24 logger.go:37: WARN: Failed to get active window on Wayland: no suitable tool found (Hyprctl, Wlrctl)
2026/04/15 08:53:14 logger.go:37: WARN: Failed to get active window on Wayland: no suitable tool found (Hyprctl, Wlrctl)
2026/04/15 08:53:14 logger.go:37: WARN: Failed to get active window on Wayland: no suitable tool found (Hyprctl, Wlrctl)
2026/04/16 08:55:03 logger.go:37: WARN: Failed to get active window on Wayland: no suitable tool found (Hyprctl, Wlrctl)
2026/04/16 08:55:03 logger.go:37: WARN: Failed to get active window on Wayland: no suitable tool found (Hyprctl, Wlrctl)
2026/04/16 17:50:24 logger.go:37: WARN: Failed to get active window on Wayland: no suitable tool found (Hyprctl, Wlrctl)
2026/04/16 17:50:24 logger.go:37: WARN: Failed to get active window on Wayland: no suitable tool found (Hyprctl, Wlrctl)
2026/04/17 08:58:43 logger.go:37: WARN: Failed to get active window on Wayland: no suitable tool found (Hyprctl, Wlrctl)
2026/04/17 08:58:43 logger.go:37: WARN: Failed to get active window on Wayland: no suitable tool found (Hyprctl, Wlrctl)
2026/04/17 17:51:43 logger.go:37: WARN: Failed to get active window on Wayland: no suitable tool found (Hyprctl, Wlrctl)
2026/04/17 17:51:43 logger.go:37: WARN: Failed to get active window on Wayland: no suitable tool found (Hyprctl, Wlrctl)
2026/04/17 17:53:01 logger.go:37: WARN: Failed to get active window on Wayland: no suitable tool found (Hyprctl, Wlrctl)
2026/04/17 17:53:01 logger.go:37: WARN: Failed to get active window on Wayland: no suitable tool found (Hyprctl, Wlrctl)
2026/04/18 13:19:51 logger.go:37: WARN: Failed to get active window on Wayland: no suitable tool found (Hyprctl, Wlrctl)
2026/04/18 13:19:51 logger.go:37: WARN: Failed to get active window on Wayland: no suitable tool found (Hyprctl, Wlrctl)
2026/04/18 17:47:29 logger.go:37: WARN: Failed to get active window on Wayland: no suitable tool found (Hyprctl, Wlrctl)
2026/04/18 17:47:29 logger.go:37: WARN: Failed to get active window on Wayland: no suitable tool found (Hyprctl, Wlrctl)
2026/04/18 18:52:48 logger.go:37: WARN: Failed to get active window on Wayland: no suitable tool found (Hyprctl, Wlrctl)
2026/04/18 18:52:48 logger.go:37: WARN: Failed to get active window on Wayland: no suitable tool found (Hyprctl, Wlrctl)
2026/04/19 12:52:43 logger.go:37: WARN: Failed to get active window on Wayland: no suitable tool found (Hyprctl, Wlrctl)
2026/04/19 12:52:43 logger.go:37: WARN: Failed to get active window on Wayland: no suitable tool found (Hyprctl, Wlrctl)
2026/04/19 13:08:37 logger.go:37: WARN: Failed to get active window on Wayland: no suitable tool found (Hyprctl, Wlrctl)
2026/04/19 13:08:37 logger.go:37: WARN: Failed to get active window on Wayland: no suitable tool found (Hyprctl, Wlrctl)
2026/04/19 13:44:40 logger.go:37: WARN: Failed to get active window on Wayland: no suitable tool found (Hyprctl, Wlrctl)
2026/04/19 13:44:40 logger.go:37: WARN: Failed to get active window on Wayland: no suitable tool found (Hyprctl, Wlrctl)
2026/04/20 08:57:35 logger.go:37: WARN: Failed to get active window on Wayland: no suitable tool found (Hyprctl, Wlrctl)
2026/04/20 08:57:35 logger.go:37: WARN: Failed to get active window on Wayland: no suitable tool found (Hyprctl, Wlrctl)
2026/04/20 14:03:31 logger.go:37: WARN: Failed to get active window on Wayland: no suitable tool found (Hyprctl, Wlrctl)
2026/04/20 14:03:37 logger.go:37: WARN: Failed to get active window on Wayland: no suitable tool found (Hyprctl, Wlrctl)
2026/04/20 14:06:29 logger.go:37: WARN: Failed to get active window on Wayland: no suitable tool found (Hyprctl, Wlrctl)
2026/04/20 14:06:50 logger.go:37: WARN: Failed to get active window on Wayland: no suitable tool found (Hyprctl, Wlrctl)
2026/04/20 14:13:56 logger.go:37: WARN: Failed to get active window on Wayland: no suitable tool found (Hyprctl, Wlrctl)
2026/04/22 16:21:00 logger.go:37: WARN: Failed to get active window on Wayland: no suitable tool found (Hyprctl, Wlrctl)
2026/04/22 16:21:00 logger.go:37: WARN: Failed to get active window on Wayland: no suitable tool found (Hyprctl, Wlrctl)
2026/04/22 16:53:52 logger.go:37: WARN: Failed to get active window on Wayland: no suitable tool found (Hyprctl, Wlrctl)
2026/04/22 16:53:52 logger.go:37: WARN: Failed to get active window on Wayland: no suitable tool found (Hyprctl, Wlrctl)
2026/04/23 01:11:07 logger.go:37: WARN: Failed to get active window on Wayland: no suitable tool found (Hyprctl, Wlrctl)
2026/04/23 01:11:07 logger.go:37: WARN: Failed to get active window on Wayland: no suitable tool found (Hyprctl, Wlrctl)
2026/04/23 08:34:17 logger.go:37: WARN: Failed to get active window on Wayland: no suitable tool found (Hyprctl, Wlrctl)
2026/04/23 08:34:17 logger.go:37: WARN: Failed to get active window on Wayland: no suitable tool found (Hyprctl, Wlrctl)
2026/04/23 15:35:42 logger.go:37: WARN: Failed to get active window on Wayland: no suitable tool found (Hyprctl, Wlrctl)
2026/04/23 15:35:42 logger.go:37: WARN: Failed to get active window on Wayland: no suitable tool found (Hyprctl, Wlrctl)
2026/04/23 15:36:37 logger.go:37: WARN: Failed to get active window on Wayland: no suitable tool found (Hyprctl, Wlrctl)
2026/04/23 15:36:37 logger.go:37: WARN: Failed to get active window on Wayland: no suitable tool found (Hyprctl, Wlrctl)
2026/04/23 20:49:21 logger.go:37: WARN: Failed to get active window on Wayland: no suitable tool found (Hyprctl, Wlrctl)
2026/04/23 20:49:21 logger.go:37: WARN: Failed to get active window on Wayland: no suitable tool found (Hyprctl, Wlrctl)
2026/04/25 22:31:06 logger.go:37: WARN: Failed to get active window on Wayland: no suitable tool found (Hyprctl, Wlrctl)
2026/04/25 22:31:06 logger.go:37: WARN: Failed to get active window on Wayland: no suitable tool found (Hyprctl, Wlrctl)
2026/04/28 19:00:56 logger.go:37: WARN: Failed to get active window on Wayland: no suitable tool found (Hyprctl, Wlrctl)
2026/04/28 19:00:56 logger.go:37: WARN: Failed to get active window on Wayland: no suitable tool found (Hyprctl, Wlrctl)
2026/04/29 21:35:31 logger.go:37: WARN: Failed to get active window on Wayland: no suitable tool found (Hyprctl, Wlrctl)
2026/04/29 21:35:31 logger.go:37: WARN: Failed to get active window on Wayland: no suitable tool found (Hyprctl, Wlrctl)
2026/04/29 21:36:44 logger.go:37: WARN: Failed to get active window on Wayland: no suitable tool found (Hyprctl, Wlrctl)
2026/04/29 21:36:44 logger.go:37: WARN: Failed to get active window on Wayland: no suitable tool found (Hyprctl, Wlrctl)
2026/04/30 11:36:45 logger.go:37: WARN: Failed to get active window on Wayland: no suitable tool found (Hyprctl, Wlrctl)
2026/04/30 11:36:45 logger.go:37: WARN: Failed to get active window on Wayland: no suitable tool found (Hyprctl, Wlrctl)
2026/05/01 10:02:34 logger.go:37: WARN: Failed to get active window on Wayland: no suitable tool found (Hyprctl, Wlrctl)
2026/05/01 10:02:34 logger.go:37: WARN: Failed to get active window on Wayland: no suitable tool found (Hyprctl, Wlrctl)
2026/05/01 14:57:37 logger.go:37: WARN: Failed to get active window on Wayland: no suitable tool found (Hyprctl, Wlrctl)
2026/05/01 14:57:37 logger.go:37: WARN: Failed to get active window on Wayland: no suitable tool found (Hyprctl, Wlrctl)
2026/05/01 18:26:44 logger.go:37: WARN: Failed to get active window on Wayland: no suitable tool found (Hyprctl, Wlrctl)
2026/05/01 18:26:44 logger.go:37: WARN: Failed to get active window on Wayland: no suitable tool found (Hyprctl, Wlrctl)
2026/05/02 09:29:13 logger.go:37: WARN: Failed to get active window on Wayland: no suitable tool found (Hyprctl, Wlrctl)
2026/05/02 09:29:13 logger.go:37: WARN: Failed to get active window on Wayland: no suitable tool found (Hyprctl, Wlrctl)
2026/05/02 09:30:51 logger.go:37: WARN: Failed to get active window on Wayland: no suitable tool found (Hyprctl, Wlrctl)
2026/05/02 09:30:51 logger.go:37: WARN: Failed to get active window on Wayland: no suitable tool found (Hyprctl, Wlrctl)
2026/05/03 10:38:10 logger.go:37: WARN: Failed to get active window on Wayland: no suitable tool found (Hyprctl, Wlrctl)
2026/05/03 10:38:10 logger.go:37: WARN: Failed to get active window on Wayland: no suitable tool found (Hyprctl, Wlrctl)
2026/05/03 17:07:41 logger.go:37: WARN: Failed to get active window on Wayland: no suitable tool found (Hyprctl, Wlrctl)
2026/05/03 17:07:41 logger.go:37: WARN: Failed to get active window on Wayland: no suitable tool found (Hyprctl, Wlrctl)
2026/05/04 22:13:14 logger.go:37: WARN: Failed to get active window on Wayland: no suitable tool found (Hyprctl, Wlrctl)
2026/05/04 22:13:14 logger.go:37: WARN: Failed to get active window on Wayland: no suitable tool found (Hyprctl, Wlrctl)
2026/05/06 13:26:53 logger.go:37: WARN: Failed to get active window on Wayland: no suitable tool found (Hyprctl, Wlrctl)
2026/05/06 13:26:53 logger.go:37: WARN: Failed to get active window on Wayland: no suitable tool found (Hyprctl, Wlrctl)
2026/05/06 23:02:00 logger.go:37: WARN: Failed to get active window on Wayland: no suitable tool found (Hyprctl, Wlrctl)
2026/05/06 23:02:00 logger.go:37: WARN: Failed to get active window on Wayland: no suitable tool found (Hyprctl, Wlrctl)
2026/05/07 08:39:49 logger.go:37: WARN: Failed to get active window on Wayland: no suitable tool found (Hyprctl, Wlrctl)
2026/05/07 08:39:49 logger.go:37: WARN: Failed to get active window on Wayland: no suitable tool found (Hyprctl, Wlrctl)
2026/05/09 16:53:00 logger.go:37: WARN: Failed to get active window on Wayland: no suitable tool found (Hyprctl, Wlrctl)
2026/05/09 16:53:00 logger.go:37: WARN: Failed to get active window on Wayland: no suitable tool found (Hyprctl, Wlrctl)
2026/05/12 13:37:27 logger.go:37: WARN: Failed to get active window on Wayland: no suitable tool found (Hyprctl, Wlrctl)
2026/05/12 13:37:27 logger.go:37: WARN: Failed to get active window on Wayland: no suitable tool found (Hyprctl, Wlrctl)
2026/05/12 13:38:22 logger.go:37: WARN: Failed to get active window on Wayland: no suitable tool found (Hyprctl, Wlrctl)
2026/05/12 13:38:22 logger.go:37: WARN: Failed to get active window on Wayland: no suitable tool found (Hyprctl, Wlrctl)
2026/05/12 15:04:59 logger.go:37: WARN: Failed to get active window on Wayland: no suitable tool found (Hyprctl, Wlrctl)
2026/05/12 17:50:07 logger.go:37: WARN: Failed to get active window on Wayland: no suitable tool found (Hyprctl, Wlrctl)
2026/05/12 17:50:07 logger.go:37: WARN: Failed to get active window on Wayland: no suitable tool found (Hyprctl, Wlrctl)
2026/05/12 23:00:22 logger.go:37: WARN: Failed to get active window on Wayland: no suitable tool found (Hyprctl, Wlrctl)
2026/05/12 23:00:22 logger.go:37: WARN: Failed to get active window on Wayland: no suitable tool found (Hyprctl, Wlrctl)
2026/05/12 23:01:22 logger.go:37: WARN: Failed to get active window on Wayland: no suitable tool found (Hyprctl, Wlrctl)
2026/05/12 23:01:22 logger.go:37: WARN: Failed to get active window on Wayland: no suitable tool found (Hyprctl, Wlrctl)
2026/05/13 20:45:30 logger.go:37: WARN: Failed to get active window on Wayland: no suitable tool found (Hyprctl, Wlrctl)
2026/05/13 22:27:53 logger.go:37: WARN: Failed to get active window on Wayland: no suitable tool found (Hyprctl, Wlrctl)
2026/05/13 22:27:53 logger.go:37: WARN: Failed to get active window on Wayland: no suitable tool found (Hyprctl, Wlrctl)
2026/05/13 22:28:55 logger.go:37: WARN: Failed to get active window on Wayland: no suitable tool found (Hyprctl, Wlrctl)
2026/05/13 22:28:55 logger.go:37: WARN: Failed to get active window on Wayland: no suitable tool found (Hyprctl, Wlrctl)
2026/05/15 10:36:54 logger.go:29: INFO: Skipping clipboard content from excluded app: org.keepassxc.KeePassXC
2026/05/15 10:36:54 logger.go:29: INFO: Skipping clipboard content from excluded app: org.keepassxc.KeePassXC
2026/05/15 11:47:46 logger.go:29: INFO: Skipping clipboard content from excluded app: org.keepassxc.KeePassXC
2026/05/15 11:59:59 logger.go:29: INFO: Skipping clipboard content from excluded app: org.keepassxc.KeePassXC
2026/05/15 11:59:59 logger.go:29: INFO: Skipping clipboard content from excluded app: org.keepassxc.KeePassXC
2026/05/15 11:59:59 logger.go:29: INFO: Skipping clipboard content from excluded app: org.keepassxc.KeePassXC
2026/05/15 11:59:59 logger.go:29: INFO: Skipping clipboard content from excluded app: org.keepassxc.KeePassXC
2026/05/15 12:02:00 logger.go:29: INFO: Skipping clipboard content from excluded app: org.keepassxc.KeePassXC
2026/05/15 12:02:00 logger.go:29: INFO: Skipping clipboard content from excluded app: org.keepassxc.KeePassXC
2026/05/15 12:02:00 logger.go:29: INFO: Skipping clipboard content from excluded app: org.keepassxc.KeePassXC
2026/05/15 12:02:00 logger.go:29: INFO: Skipping clipboard content from excluded app: org.keepassxc.KeePassXC
2026/05/15 19:46:48 logger.go:37: WARN: Failed to get active window on Wayland: no suitable tool found (Hyprctl, Wlrctl)
2026/05/15 19:46:48 logger.go:37: WARN: Failed to get active window on Wayland: no suitable tool found (Hyprctl, Wlrctl)
2026/05/15 19:46:49 logger.go:37: WARN: Failed to get active window on Wayland: no suitable tool found (Hyprctl, Wlrctl)
2026/05/15 19:46:49 logger.go:37: WARN: Failed to get active window on Wayland: no suitable tool found (Hyprctl, Wlrctl)
2026/05/15 19:46:49 logger.go:37: WARN: Failed to get active window on Wayland: no suitable tool found (Hyprctl, Wlrctl)
2026/05/17 10:14:33 logger.go:37: WARN: Failed to get active window on Wayland: no suitable tool found (Hyprctl, Wlrctl)
2026/05/17 10:14:33 logger.go:37: WARN: Failed to get active window on Wayland: no suitable tool found (Hyprctl, Wlrctl)
2026/05/17 10:14:33 logger.go:37: WARN: Failed to get active window on Wayland: no suitable tool found (Hyprctl, Wlrctl)
2026/05/17 10:14:33 logger.go:37: WARN: Failed to get active window on Wayland: no suitable tool found (Hyprctl, Wlrctl)
2026/05/17 10:14:33 logger.go:37: WARN: Failed to get active window on Wayland: no suitable tool found (Hyprctl, Wlrctl)
2026/05/17 15:42:21 logger.go:37: WARN: Failed to get active window on Wayland: no suitable tool found (Hyprctl, Wlrctl)
2026/05/17 15:42:21 logger.go:37: WARN: Failed to get active window on Wayland: no suitable tool found (Hyprctl, Wlrctl)
2026/05/17 15:42:21 logger.go:37: WARN: Failed to get active window on Wayland: no suitable tool found (Hyprctl, Wlrctl)
2026/05/19 15:43:17 logger.go:37: WARN: Failed to get active window on Wayland: no suitable tool found (Hyprctl, Wlrctl)
2026/05/19 15:43:17 logger.go:37: WARN: Failed to get active window on Wayland: no suitable tool found (Hyprctl, Wlrctl)
2026/05/19 15:43:18 logger.go:37: WARN: Failed to get active window on Wayland: no suitable tool found (Hyprctl, Wlrctl)
2026/05/19 15:43:18 logger.go:37: WARN: Failed to get active window on Wayland: no suitable tool found (Hyprctl, Wlrctl)
2026/05/19 15:43:18 logger.go:37: WARN: Failed to get active window on Wayland: no suitable tool found (Hyprctl, Wlrctl)
2026/05/20 11:10:56 logger.go:29: INFO: Skipping clipboard content from excluded app: org.keepassxc.KeePassXC
2026/05/20 11:10:56 logger.go:29: INFO: Skipping clipboard content from excluded app: org.keepassxc.KeePassXC
2026/05/20 11:10:56 logger.go:29: INFO: Skipping clipboard content from excluded app: org.keepassxc.KeePassXC
2026/05/20 14:36:48 logger.go:29: INFO: Skipping clipboard content from excluded app: org.keepassxc.KeePassXC
2026/05/20 14:36:48 logger.go:29: INFO: Skipping clipboard content from excluded app: org.keepassxc.KeePassXC
2026/05/20 14:36:48 logger.go:29: INFO: Skipping clipboard content from excluded app: org.keepassxc.KeePassXC
2026/05/20 14:36:48 logger.go:29: INFO: Skipping clipboard content from excluded app: org.keepassxc.KeePassXC
2026/05/20 14:46:38 logger.go:29: INFO: Skipping clipboard content from excluded app: org.keepassxc.KeePassXC
2026/05/20 14:46:38 logger.go:29: INFO: Skipping clipboard content from excluded app: org.keepassxc.KeePassXC
2026/05/20 21:46:55 logger.go:37: WARN: Failed to get active window on Wayland: no suitable tool found (Hyprctl, Wlrctl)
2026/05/20 21:46:55 logger.go:37: WARN: Failed to get active window on Wayland: no suitable tool found (Hyprctl, Wlrctl)
2026/05/20 22:30:53 logger.go:37: WARN: Failed to get active window on Wayland: no suitable tool found (Hyprctl, Wlrctl)
2026/05/20 22:30:53 logger.go:37: WARN: Failed to get active window on Wayland: no suitable tool found (Hyprctl, Wlrctl)
2026/05/21 14:46:14 logger.go:37: WARN: Failed to get active window on Wayland: no suitable tool found (Hyprctl, Wlrctl)
2026/05/21 14:46:14 logger.go:37: WARN: Failed to get active window on Wayland: no suitable tool found (Hyprctl, Wlrctl)
2026/05/22 19:22:48 logger.go:37: WARN: Failed to get active window on Wayland: no suitable tool found (Hyprctl, Wlrctl)
2026/05/22 19:22:48 logger.go:37: WARN: Failed to get active window on Wayland: no suitable tool found (Hyprctl, Wlrctl)
2026/05/24 10:16:39 logger.go:37: WARN: Failed to get active window on Wayland: no suitable tool found (Hyprctl, Wlrctl)
2026/05/24 10:16:39 logger.go:37: WARN: Failed to get active window on Wayland: no suitable tool found (Hyprctl, Wlrctl)
2026/05/24 17:57:15 logger.go:37: WARN: Failed to get active window on Wayland: no suitable tool found (Hyprctl, Wlrctl)
2026/05/24 17:57:15 logger.go:37: WARN: Failed to get active window on Wayland: no suitable tool found (Hyprctl, Wlrctl)
2026/05/24 21:40:39 logger.go:37: WARN: Failed to get active window on Wayland: no suitable tool found (Hyprctl, Wlrctl)
2026/05/24 21:40:39 logger.go:37: WARN: Failed to get active window on Wayland: no suitable tool found (Hyprctl, Wlrctl)
2026/05/25 01:40:25 logger.go:37: WARN: Failed to get active window on Wayland: no suitable tool found (Hyprctl, Wlrctl)
2026/05/25 01:40:25 logger.go:37: WARN: Failed to get active window on Wayland: no suitable tool found (Hyprctl, Wlrctl)
2026/05/25 01:40:25 logger.go:37: WARN: Failed to get active window on Wayland: no suitable tool found (Hyprctl, Wlrctl)
2026/05/25 20:05:19 logger.go:29: INFO: Skipping clipboard content from excluded app: org.keepassxc.KeePassXC
2026/05/25 20:05:19 logger.go:29: INFO: Skipping clipboard content from excluded app: org.keepassxc.KeePassXC
2026/05/25 20:05:19 logger.go:29: INFO: Skipping clipboard content from excluded app: org.keepassxc.KeePassXC
2026/05/25 20:05:19 logger.go:29: INFO: Skipping clipboard content from excluded app: org.keepassxc.KeePassXC
2026/05/25 20:05:40 logger.go:29: INFO: Skipping clipboard content from excluded app: org.keepassxc.KeePassXC
2026/05/25 20:05:40 logger.go:29: INFO: Skipping clipboard content from excluded app: org.keepassxc.KeePassXC
2026/05/25 20:05:40 logger.go:29: INFO: Skipping clipboard content from excluded app: org.keepassxc.KeePassXC
2026/05/25 20:05:40 logger.go:29: INFO: Skipping clipboard content from excluded app: org.keepassxc.KeePassXC
2026/05/25 20:05:44 logger.go:29: INFO: Skipping clipboard content from excluded app: org.keepassxc.KeePassXC
2026/05/26 12:59:40 logger.go:37: WARN: Failed to get active window on Wayland: no suitable tool found (Hyprctl, Wlrctl)
2026/05/26 12:59:40 logger.go:37: WARN: Failed to get active window on Wayland: no suitable tool found (Hyprctl, Wlrctl)
2026/05/26 12:59:40 logger.go:37: WARN: Failed to get active window on Wayland: no suitable tool found (Hyprctl, Wlrctl)
2026/05/26 12:59:42 logger.go:37: WARN: Failed to get active window on Wayland: no suitable tool found (Hyprctl, Wlrctl)
2026/05/26 12:59:42 logger.go:37: WARN: Failed to get active window on Wayland: no suitable tool found (Hyprctl, Wlrctl)
2026/05/26 16:10:57 logger.go:37: WARN: Failed to get active window on Wayland: no suitable tool found (Hyprctl, Wlrctl)
2026/05/26 16:10:57 logger.go:37: WARN: Failed to get active window on Wayland: no suitable tool found (Hyprctl, Wlrctl)
2026/05/27 10:15:24 logger.go:29: INFO: Skipping clipboard content from excluded app: org.keepassxc.KeePassXC
2026/05/27 10:23:19 logger.go:29: INFO: Skipping clipboard content from excluded app: org.keepassxc.KeePassXC
2026/05/27 10:23:19 logger.go:29: INFO: Skipping clipboard content from excluded app: org.keepassxc.KeePassXC
2026/05/27 10:31:00 logger.go:29: INFO: Skipping clipboard content from excluded app: org.keepassxc.KeePassXC
2026/05/27 10:55:58 logger.go:29: INFO: Skipping clipboard content from excluded app: org.keepassxc.KeePassXC
2026/05/27 10:56:14 logger.go:29: INFO: Skipping clipboard content from excluded app: org.keepassxc.KeePassXC
2026/05/27 10:56:14 logger.go:29: INFO: Skipping clipboard content from excluded app: org.keepassxc.KeePassXC
2026/05/27 11:13:48 logger.go:29: INFO: Skipping clipboard content from excluded app: org.keepassxc.KeePassXC
2026/05/27 17:10:01 logger.go:37: WARN: Failed to get active window on Wayland: no suitable tool found (Hyprctl, Wlrctl)
2026/05/27 17:10:01 logger.go:37: WARN: Failed to get active window on Wayland: no suitable tool found (Hyprctl, Wlrctl)
2026/05/27 17:11:08 logger.go:37: WARN: Failed to get active window on Wayland: no suitable tool found (Hyprctl, Wlrctl)
2026/05/27 17:11:08 logger.go:37: WARN: Failed to get active window on Wayland: no suitable tool found (Hyprctl, Wlrctl)
2026/05/27 18:01:43 logger.go:37: WARN: Failed to get active window on Wayland: no suitable tool found (Hyprctl, Wlrctl)
2026/05/27 18:01:43 logger.go:37: WARN: Failed to get active window on Wayland: no suitable tool found (Hyprctl, Wlrctl)
2026/05/28 09:13:03 logger.go:37: WARN: Failed to get active window on Wayland: no suitable tool found (Hyprctl, Wlrctl)
2026/05/28 09:13:03 logger.go:37: WARN: Failed to get active window on Wayland: no suitable tool found (Hyprctl, Wlrctl)
2026/05/28 17:53:03 logger.go:37: WARN: Failed to get active window on Wayland: no suitable tool found (Hyprctl, Wlrctl)
2026/05/28 17:53:03 logger.go:37: WARN: Failed to get active window on Wayland: no suitable tool found (Hyprctl, Wlrctl)
2026/05/29 00:01:02 logger.go:37: WARN: Failed to get active window on Wayland: no suitable tool found (Hyprctl, Wlrctl)
2026/05/29 00:01:02 logger.go:37: WARN: Failed to get active window on Wayland: no suitable tool found (Hyprctl, Wlrctl)
2026/05/29 07:07:51 logger.go:37: WARN: Failed to get active window on Wayland: no suitable tool found (Hyprctl, Wlrctl)
2026/05/29 07:07:51 logger.go:37: WARN: Failed to get active window on Wayland: no suitable tool found (Hyprctl, Wlrctl)
2026/05/29 17:53:04 logger.go:37: WARN: Failed to get active window on Wayland: no suitable tool found (Hyprctl, Wlrctl)
2026/05/29 17:53:04 logger.go:37: WARN: Failed to get active window on Wayland: no suitable tool found (Hyprctl, Wlrctl)
2026/05/30 19:00:21 logger.go:37: WARN: Failed to get active window on Wayland: no suitable tool found (Hyprctl, Wlrctl)
2026/05/30 19:00:21 logger.go:37: WARN: Failed to get active window on Wayland: no suitable tool found (Hyprctl, Wlrctl)
2026/05/30 19:06:35 logger.go:37: WARN: Failed to get active window on Wayland: no suitable tool found (Hyprctl, Wlrctl)
2026/05/30 19:06:35 logger.go:37: WARN: Failed to get active window on Wayland: no suitable tool found (Hyprctl, Wlrctl)
2026/05/31 12:28:07 logger.go:37: WARN: Failed to get active window on Wayland: no suitable tool found (Hyprctl, Wlrctl)
2026/05/31 12:28:07 logger.go:37: WARN: Failed to get active window on Wayland: no suitable tool found (Hyprctl, Wlrctl)
2026/05/31 14:59:54 logger.go:29: INFO: Skipping clipboard content from excluded app: org.keepassxc.KeePassXC
2026/05/31 14:59:54 logger.go:29: INFO: Skipping clipboard content from excluded app: org.keepassxc.KeePassXC
2026/05/31 15:00:02 logger.go:29: INFO: Skipping clipboard content from excluded app: org.keepassxc.KeePassXC
2026/05/31 15:00:02 logger.go:29: INFO: Skipping clipboard content from excluded app: org.keepassxc.KeePassXC
2026/05/31 15:00:02 logger.go:29: INFO: Skipping clipboard content from excluded app: org.keepassxc.KeePassXC
2026/05/31 15:00:02 logger.go:29: INFO: Skipping clipboard content from excluded app: org.keepassxc.KeePassXC
2026/05/31 15:00:04 logger.go:29: INFO: Skipping clipboard content from excluded app: org.keepassxc.KeePassXC
2026/05/31 16:39:10 logger.go:37: WARN: Failed to get active window on Wayland: no suitable tool found (Hyprctl, Wlrctl)
2026/05/31 16:39:10 logger.go:37: WARN: Failed to get active window on Wayland: no suitable tool found (Hyprctl, Wlrctl)
2026/05/31 16:40:20 logger.go:37: WARN: Failed to get active window on Wayland: no suitable tool found (Hyprctl, Wlrctl)
2026/05/31 16:40:20 logger.go:37: WARN: Failed to get active window on Wayland: no suitable tool found (Hyprctl, Wlrctl)
2026/05/31 17:10:22 logger.go:37: WARN: Failed to get active window on Wayland: no suitable tool found (Hyprctl, Wlrctl)
2026/05/31 17:10:22 logger.go:37: WARN: Failed to get active window on Wayland: no suitable tool found (Hyprctl, Wlrctl)
2026/05/31 17:10:22 logger.go:37: WARN: Failed to get active window on Wayland: no suitable tool found (Hyprctl, Wlrctl)
2026/05/31 17:12:24 logger.go:37: WARN: Failed to get active window on Wayland: no suitable tool found (Hyprctl, Wlrctl)
2026/05/31 17:12:24 logger.go:37: WARN: Failed to get active window on Wayland: no suitable tool found (Hyprctl, Wlrctl)
2026/05/31 17:12:24 logger.go:37: WARN: Failed to get active window on Wayland: no suitable tool found (Hyprctl, Wlrctl)
2026/05/31 19:56:52 logger.go:29: INFO: Skipping clipboard content from excluded app: org.keepassxc.KeePassXC
2026/05/31 19:56:52 logger.go:29: INFO: Skipping clipboard content from excluded app: org.keepassxc.KeePassXC
2026/05/31 21:31:59 logger.go:37: WARN: Failed to get active window on Wayland: no suitable tool found (Hyprctl, Wlrctl)
2026/05/31 21:31:59 logger.go:37: WARN: Failed to get active window on Wayland: no suitable tool found (Hyprctl, Wlrctl)
2026/06/01 19:27:44 logger.go:37: WARN: Failed to get active window on Wayland: no suitable tool found (Hyprctl, Wlrctl)
2026/06/01 19:27:44 logger.go:37: WARN: Failed to get active window on Wayland: no suitable tool found (Hyprctl, Wlrctl)
2026/06/02 06:32:05 logger.go:37: WARN: Failed to get active window on Wayland: no suitable tool found (Hyprctl, Wlrctl)
2026/06/02 06:32:05 logger.go:37: WARN: Failed to get active window on Wayland: no suitable tool found (Hyprctl, Wlrctl)
2026/06/06 14:34:26 logger.go:37: WARN: Failed to get active window on Wayland: no suitable tool found (Hyprctl, Wlrctl)
2026/06/06 14:34:26 logger.go:37: WARN: Failed to get active window on Wayland: no suitable tool found (Hyprctl, Wlrctl)
2026/06/07 10:34:26 logger.go:37: WARN: Failed to get active window on Wayland: no suitable tool found (Hyprctl, Wlrctl)
2026/06/07 10:34:26 logger.go:37: WARN: Failed to get active window on Wayland: no suitable tool found (Hyprctl, Wlrctl)
2026/06/07 10:37:49 logger.go:37: WARN: Failed to get active window on Wayland: no suitable tool found (Hyprctl, Wlrctl)
2026/06/07 10:37:49 logger.go:37: WARN: Failed to get active window on Wayland: no suitable tool found (Hyprctl, Wlrctl)
2026/06/07 11:23:32 logger.go:37: WARN: Failed to get active window on Wayland: no suitable tool found (Hyprctl, Wlrctl)
2026/06/07 11:23:32 logger.go:37: WARN: Failed to get active window on Wayland: no suitable tool found (Hyprctl, Wlrctl)
2026/06/08 06:38:08 logger.go:37: WARN: Failed to get active window on Wayland: no suitable tool found (Hyprctl, Wlrctl)
2026/06/08 06:38:08 logger.go:37: WARN: Failed to get active window on Wayland: no suitable tool found (Hyprctl, Wlrctl)
2026/06/14 12:37:06 logger.go:37: WARN: Failed to get active window on Wayland: no suitable tool found (Hyprctl, Wlrctl)
2026/06/14 12:37:06 logger.go:37: WARN: Failed to get active window on Wayland: no suitable tool found (Hyprctl, Wlrctl)
2026/06/14 13:49:50 logger.go:37: WARN: Failed to get active window on Wayland: no suitable tool found (Hyprctl, Wlrctl)
2026/06/14 13:49:50 logger.go:37: WARN: Failed to get active window on Wayland: no suitable tool found (Hyprctl, Wlrctl)
2026/08/01 19:41:23 logger.go:37: WARN: Failed to get active window on Wayland: no suitable tool found (Hyprctl, Wlrctl)
2026/08/01 19:41:23 logger.go:37: WARN: Failed to get active window on Wayland: no suitable tool found (Hyprctl, Wlrctl)
2026/08/01 20:02:46 logger.go:37: WARN: Failed to get active window on Wayland: no suitable tool found (Hyprctl, Wlrctl)
2026/08/01 20:02:46 logger.go:37: WARN: Failed to get active window on Wayland: no suitable tool found (Hyprctl, Wlrctl)
2026/08/01 20:47:54 logger.go:37: WARN: Failed to get active window on Wayland: no suitable tool found (Hyprctl, Wlrctl)
2026/08/01 20:47:54 logger.go:37: WARN: Failed to get active window on Wayland: no suitable tool found (Hyprctl, Wlrctl)
2026/08/01 21:50:52 logger.go:37: WARN: Failed to get active window on Wayland: no suitable tool found (Hyprctl, Wlrctl)
2026/08/01 21:50:52 logger.go:37: WARN: Failed to get active window on Wayland: no suitable tool found (Hyprctl, Wlrctl)
2026/08/04 19:14:02 logger.go:37: WARN: Failed to get active window on Wayland: no suitable tool found (Hyprctl, Wlrctl)
2026/08/04 19:14:02 logger.go:37: WARN: Failed to get active window on Wayland: no suitable tool found (Hyprctl, Wlrctl)
2026/08/11 19:37:39 logger.go:37: WARN: Failed to get active window on Wayland: no suitable tool found (Hyprctl, Wlrctl)
2026/08/11 19:37:39 logger.go:37: WARN: Failed to get active window on Wayland: no suitable tool found (Hyprctl, Wlrctl)
2026/08/12 12:39:09 logger.go:37: WARN: Failed to get active window on Wayland: no suitable tool found (Hyprctl, Wlrctl)
2026/08/12 12:39:09 logger.go:37: WARN: Failed to get active window on Wayland: no suitable tool found (Hyprctl, Wlrctl)
2026/08/12 23:06:15 logger.go:37: WARN: Failed to get active window on Wayland: no suitable tool found (Hyprctl, Wlrctl)
2026/08/12 23:06:15 logger.go:37: WARN: Failed to get active window on Wayland: no suitable tool found (Hyprctl, Wlrctl)
2026/08/12 23:07:06 logger.go:37: WARN: Failed to get active window on Wayland: no suitable tool found (Hyprctl, Wlrctl)
2026/08/12 23:07:06 logger.go:37: WARN: Failed to get active window on Wayland: no suitable tool found (Hyprctl, Wlrctl)
2026/08/13 13:59:06 logger.go:37: WARN: Failed to get active window on Wayland: no suitable tool found (Hyprctl, Wlrctl)
2026/08/13 13:59:06 logger.go:37: WARN: Failed to get active window on Wayland: no suitable tool found (Hyprctl, Wlrctl)
2026/08/15 12:56:24 logger.go:37: WARN: Failed to get active window on Wayland: no suitable tool found (Hyprctl, Wlrctl)
2026/08/15 12:56:24 logger.go:37: WARN: Failed to get active window on Wayland: no suitable tool found (Hyprctl, Wlrctl)
2026/08/16 15:33:50 logger.go:37: WARN: Failed to get active window on Wayland: no suitable tool found (Hyprctl, Wlrctl)
2026/08/16 15:33:50 logger.go:37: WARN: Failed to get active window on Wayland: no suitable tool found (Hyprctl, Wlrctl)
2026/08/16 23:08:18 logger.go:37: WARN: Failed to get active window on Wayland: no suitable tool found (Hyprctl, Wlrctl)
2026/08/16 23:08:18 logger.go:37: WARN: Failed to get active window on Wayland: no suitable tool found (Hyprctl, Wlrctl)
2026/08/20 13:12:58 logger.go:37: WARN: Failed to get active window on Wayland: no suitable tool found (Hyprctl, Wlrctl)
2026/08/20 13:12:58 logger.go:37: WARN: Failed to get active window on Wayland: no suitable tool found (Hyprctl, Wlrctl)
2026/08/20 22:29:00 logger.go:37: WARN: Failed to get active window on Wayland: no suitable tool found (Hyprctl, Wlrctl)
2026/08/20 22:29:00 logger.go:37: WARN: Failed to get active window on Wayland: no suitable tool found (Hyprctl, Wlrctl)
2026/08/20 23:30:21 logger.go:37: WARN: Failed to get active window on Wayland: no suitable tool found (Hyprctl, Wlrctl)
2026/08/20 23:30:21 logger.go:37: WARN: Failed to get active window on Wayland: no suitable tool found (Hyprctl, Wlrctl)
2026/08/26 13:46:04 logger.go:37: WARN: Failed to get active window on Wayland: no suitable tool found (Hyprctl, Wlrctl)
2026/08/26 13:46:04 logger.go:37: WARN: Failed to get active window on Wayland: no suitable tool found (Hyprctl, Wlrctl)
2026/08/26 23:13:47 logger.go:37: WARN: Failed to get active window on Wayland: no suitable tool found (Hyprctl, Wlrctl)
2026/08/26 23:13:47 logger.go:37: WARN: Failed to get active window on Wayland: no suitable tool found (Hyprctl, Wlrctl)
2026/08/27 08:39:38 logger.go:37: WARN: Failed to get active window on Wayland: no suitable tool found (Hyprctl, Wlrctl)
2026/08/27 08:39:38 logger.go:37: WARN: Failed to get active window on Wayland: no suitable tool found (Hyprctl, Wlrctl)
2026/08/28 21:35:27 logger.go:37: WARN: Failed to get active window on Wayland: no suitable tool found (Hyprctl, Wlrctl)
2026/08/28 21:35:27 logger.go:37: WARN: Failed to get active window on Wayland: no suitable tool found (Hyprctl, Wlrctl)
2026/08/28 21:35:27 logger.go:37: WARN: Failed to get active window on Wayland: no suitable tool found (Hyprctl, Wlrctl)
2026/08/28 21:35:47 logger.go:37: WARN: Failed to get active window on Wayland: no suitable tool found (Hyprctl, Wlrctl)
2026/08/28 21:35:47 logger.go:37: WARN: Failed to get active window on Wayland: no suitable tool found (Hyprctl, Wlrctl)
2026/08/28 21:35:47 logger.go:37: WARN: Failed to get active window on Wayland: no suitable tool found (Hyprctl, Wlrctl)
2026/08/28 21:36:09 logger.go:37: WARN: Failed to get active window on Wayland: no suitable tool found (Hyprctl, Wlrctl)
2026/08/28 21:36:09 logger.go:37: WARN: Failed to get active window on Wayland: no suitable tool found (Hyprctl, Wlrctl)
2026/08/28 21:36:10 logger.go:37: WARN: Failed to get active window on Wayland: no suitable tool found (Hyprctl, Wlrctl)
2026/08/29 19:35:28 logger.go:37: WARN: Failed to get active window on Wayland: no suitable tool found (Hyprctl, Wlrctl)
2026/08/29 19:35:28 logger.go:37: WARN: Failed to get active window on Wayland: no suitable tool found (Hyprctl, Wlrctl)
2026/08/30 14:09:49 logger.go:37: WARN: Failed to get active window on Wayland: no suitable tool found (Hyprctl, Wlrctl)
2026/08/30 14:09:49 logger.go:37: WARN: Failed to get active window on Wayland: no suitable tool found (Hyprctl, Wlrctl)
2026/08/30 19:11:00 logger.go:37: WARN: Failed to get active window on Wayland: no suitable tool found (Hyprctl, Wlrctl)
2026/08/30 19:11:00 logger.go:37: WARN: Failed to get active window on Wayland: no suitable tool found (Hyprctl, Wlrctl)
2026/08/31 22:47:00 logger.go:37: WARN: Failed to get active window on Wayland: no suitable tool found (Hyprctl, Wlrctl)
2026/08/31 22:47:00 logger.go:37: WARN: Failed to get active window on Wayland: no suitable tool found (Hyprctl, Wlrctl)
2026/09/02 11:27:41 logger.go:37: WARN: Failed to get active window on Wayland: no suitable tool found (Hyprctl, Wlrctl)
2026/09/02 11:27:41 logger.go:37: WARN: Failed to get active window on Wayland: no suitable tool found (Hyprctl, Wlrctl)
2026/09/02 11:34:41 logger.go:37: WARN: Failed to get active window on Wayland: no suitable tool found (Hyprctl, Wlrctl)
2026/09/02 11:34:41 logger.go:37: WARN: Failed to get active window on Wayland: no suitable tool found (Hyprctl, Wlrctl)
2026/09/03 08:58:37 logger.go:37: WARN: Failed to get active window on Wayland: no suitable tool found (Hyprctl, Wlrctl)
2026/09/03 08:58:37 logger.go:37: WARN: Failed to get active window on Wayland: no suitable tool found (Hyprctl, Wlrctl)
2026/09/03 08:59:02 logger.go:37: WARN: Failed to get active window on Wayland: no suitable tool found (Hyprctl, Wlrctl)
2026/09/03 09:00:52 logger.go:37: WARN: Failed to get active window on Wayland: no suitable tool found (Hyprctl, Wlrctl)
2026/09/08 12:42:51 logger.go:37: WARN: Failed to get active window on Wayland: no suitable tool found (Hyprctl, Wlrctl)
2026/09/08 12:42:51 logger.go:37: WARN: Failed to get active window on Wayland: no suitable tool found (Hyprctl, Wlrctl)
2026/09/08 13:19:05 logger.go:37: WARN: Failed to get active window on Wayland: no suitable tool found (Hyprctl, Wlrctl)
2026/09/08 13:19:05 logger.go:37: WARN: Failed to get active window on Wayland: no suitable tool found (Hyprctl, Wlrctl)
2026/09/08 13:40:01 logger.go:37: WARN: Failed to get active window on Wayland: no suitable tool found (Hyprctl, Wlrctl)
2026/09/08 13:40:01 logger.go:37: WARN: Failed to get active window on Wayland: no suitable tool found (Hyprctl, Wlrctl)
2026/09/08 13:47:53 logger.go:37: WARN: Failed to get active window on Wayland: no suitable tool found (Hyprctl, Wlrctl)
2026/09/08 13:47:53 logger.go:37: WARN: Failed to get active window on Wayland: no suitable tool found (Hyprctl, Wlrctl)
2026/09/10 00:11:39 logger.go:29: INFO: Skipping clipboard content from excluded app: org.keepassxc.KeePassXC
2026/09/10 00:12:46 logger.go:29: INFO: Skipping clipboard content from excluded app: org.keepassxc.KeePassXC
2026/09/10 00:13:18 logger.go:29: INFO: Skipping clipboard content from excluded app: org.keepassxc.KeePassXC
2026/09/10 00:13:18 logger.go:29: INFO: Skipping clipboard content from excluded app: org.keepassxc.KeePassXC
2026/09/10 00:13:32 logger.go:29: INFO: Skipping clipboard content from excluded app: org.keepassxc.KeePassXC
2026/09/10 00:13:32 logger.go:29: INFO: Skipping clipboard content from excluded app: org.keepassxc.KeePassXC
2026/09/10 00:13:43 logger.go:29: INFO: Skipping clipboard content from excluded app: org.keepassxc.KeePassXC
2026/09/10 00:13:43 logger.go:29: INFO: Skipping clipboard content from excluded app: org.keepassxc.KeePassXC
2026/09/10 00:13:43 logger.go:29: INFO: Skipping clipboard content from excluded app: org.keepassxc.KeePassXC
2026/09/10 10:09:07 logger.go:37: WARN: Failed to get active window on Wayland: no suitable tool found (Hyprctl, Wlrctl)
2026/09/10 10:09:07 logger.go:37: WARN: Failed to get active window on Wayland: no suitable tool found (Hyprctl, Wlrctl)
2026/09/10 10:09:07 logger.go:37: WARN: Failed to get active window on Wayland: no suitable tool found (Hyprctl, Wlrctl)
2026/09/10 10:32:29 logger.go:37: WARN: Failed to get active window on Wayland: no suitable tool found (Hyprctl, Wlrctl)
2026/09/10 10:32:29 logger.go:37: WARN: Failed to get active window on Wayland: no suitable tool found (Hyprctl, Wlrctl)
2026/09/10 14:05:30 logger.go:37: WARN: Failed to get active window on Wayland: no suitable tool found (Hyprctl, Wlrctl)
2026/09/10 14:05:30 logger.go:37: WARN: Failed to get active window on Wayland: no suitable tool found (Hyprctl, Wlrctl)
2026/09/10 14:05:30 logger.go:37: WARN: Failed to get active window on Wayland: no suitable tool found (Hyprctl, Wlrctl)
2026/09/11 13:49:30 logger.go:37: WARN: Failed to get active window on Wayland: no suitable tool found (Hyprctl, Wlrctl)
2026/09/11 13:49:30 logger.go:37: WARN: Failed to get active window on Wayland: no suitable tool found (Hyprctl, Wlrctl)
2026/09/12 00:36:21 logger.go:37: WARN: Failed to get active window on Wayland: no suitable tool found (Hyprctl, Wlrctl)
2026/09/12 00:36:21 logger.go:37: WARN: Failed to get active window on Wayland: no suitable tool found (Hyprctl, Wlrctl)
2026/09/12 00:36:21 logger.go:37: WARN: Failed to get active window on Wayland: no suitable tool found (Hyprctl, Wlrctl)
2026/09/12 14:03:36 logger.go:37: WARN: Failed to get active window on Wayland: no suitable tool found (Hyprctl, Wlrctl)
2026/09/12 14:03:36 logger.go:37: WARN: Failed to get active window on Wayland: no suitable tool found (Hyprctl, Wlrctl)
2026/09/12 17:46:02 logger.go:37: WARN: Failed to get active window on Wayland: no suitable tool found (Hyprctl, Wlrctl)
2026/09/13 13:36:53 logger.go:37: WARN: Failed to get active window on Wayland: no suitable tool found (Hyprctl, Wlrctl)
2026/09/13 13:36:53 logger.go:37: WARN: Failed to get active window on Wayland: no suitable tool found (Hyprctl, Wlrctl)
2026/09/13 13:40:08 logger.go:37: WARN: Failed to get active window on Wayland: no suitable tool found (Hyprctl, Wlrctl)
2026/09/13 13:40:08 logger.go:37: WARN: Failed to get active window on Wayland: no suitable tool found (Hyprctl, Wlrctl)
2026/09/13 13:40:08 logger.go:37: WARN: Failed to get active window on Wayland: no suitable tool found (Hyprctl, Wlrctl)
2026/09/13 22:42:08 logger.go:37: WARN: Failed to get active window on Wayland: no suitable tool found (Hyprctl, Wlrctl)
2026/09/13 22:42:08 logger.go:37: WARN: Failed to get active window on Wayland: no suitable tool found (Hyprctl, Wlrctl)
2026/09/13 22:43:27 logger.go:37: WARN: Failed to get active window on Wayland: no suitable tool found (Hyprctl, Wlrctl)
2026/09/13 22:43:27 logger.go:37: WARN: Failed to get active window on Wayland: no suitable tool found (Hyprctl, Wlrctl)
2026/09/13 23:05:12 logger.go:37: WARN: Failed to get active window on Wayland: no suitable tool found (Hyprctl, Wlrctl)
2026/09/13 23:05:12 logger.go:37: WARN: Failed to get active window on Wayland: no suitable tool found (Hyprctl, Wlrctl)
